source_file,technology,ips_title,predicted_category_model,predicted_category_existing,human_category,confidence
wifi_tools_piece_07_of_07_Brenton.csv,wifi,PPAG function doesnt work when countrycode is set to CB(China).,UEFI,RF,BIOS,0.1198
wifi_tools_piece_02_of_07_Frankyang (2).csv,wifi,TAS enable some question for AX411 - DCR-1833 should fix,UEFI,RF,UEFI,0.1359
bt_software_piece_04_of_07_Wesley.csv,bt,A2DP Offload feature is enabled in JfP on TGL and HrP on ADL when feature is not supported.,Connectivity,Connectivity,Connectivity,0.1365
bt_software_piece_02_of_07_Juan.csv,bt,"The manual reboot of the DC is significantly slower, taking approximately 30 to 40 seconds longer than other machines",Performance,Performance,Performance,0.1404
wifi_tools_piece_02_of_07_Frankyang (2).csv,wifi,WiFi profile not showing expected 11ax in Protocol after changing wireless modes in properties,Connectivity,System Hang,Connectivity,0.1446
wifi_tools_piece_02_of_07_Frankyang (2).csv,wifi,T14S Laptop (AX211) keeps switching between different Wi-Fi access points (APs) unnecessarily,Roaming,RF,Connectivity,0.1460
wifi_tools_piece_03_of_07_FrankLee.csv,wifi,WiFi adapter fails to perform OKC fast roam after missing Beacons detected.,Connectivity,Connectivity,Connectivity,0.1508
wifi_tools_piece_07_of_07_Brenton.csv,wifi,"Blackscreen during MS stress test and Dump point to ""WifiCx.sys"" (F/R: 2/2u; 2/10 c)",Connectivity,Connectivity,System Hang,0.1528
wifi_tools_piece_07_of_07_Brenton.csv,wifi,"PC connected 2.4G/5G AP(802.11AX/AC,20M/40M) do UDP downstream can not meet spec.(F/R:1/1U,6/6C))",Connectivity,Connectivity,Performance,0.1537
wifi_tools_piece_06_of_07_Zhiqiang (2).csv,wifi,The 6G Wi-Fi list cannot be found after changing the MCC to US through ANT tool,Connectivity,System Hang,Connectivity,0.1553
weekly_labels_20260501_170001.csv,BT,"[HP][Quanta]-[Trekker][LNL/ARL/RPL/PTL][Win11 25H2] ""Declarative Driver Check"" show fail after running Declarative Driver Check test with MSFTAuditHub_PS_1.00_A3",Connectivity,Connectivity,HLK,0.1561
weekly_labels_20260501_170001.csv,WiFi,[DELL][field][AX211][BE200] Intermittent Wi-Fi disconnects with 802.11r enabled on Intel AX211/BE200 in WPA-EAP enterprise environments,Connectivity,Performance,Connectivity,0.1577
wifi_tools_piece_03_of_07_FrankLee.csv,wifi,Cannot wake from S3 by EMA server.,WowLAN,Connectivity,WowLAN,0.1587
wifi_tools_piece_06_of_07_Zhiqiang (2).csv,wifi,"when an AP is connected, DUT wakes up intermittently without human detection",Connectivity,Connectivity,Connectivity,0.1639
bt_software_piece_05_of_07_Leo.csv,bt,Device Information Service - MDUT FW version doesnt match.,Connectivity,Connectivity,ICPS,0.1647
weekly_labels_20260529_170002.csv,WiFi,"[Honor][LUX][NvwaC][ARL-HX][AX211][WiFi]When roaming between 2.4G and 5G, roaming occurs around a threshold of -70 dB.",P2P,P2P,Connectivity,0.1657
weekly_labels_20260530_145717.csv,WiFi,"[Honor][LUX][NvwaC][ARL-HX][AX211][WiFi]When roaming between 2.4G and 5G, roaming occurs around a threshold of -70 dB.",P2P,P2P,Connectivity,0.1657
weekly_labels_20260508_230403.csv,WiFi,"[Lenovo][Kailash][PTL/BE211@1216/320Mhz][25H2]Assert 0x505 occurred when running MS-Resume Test on one specific unit. (F/R: 1/50 units, for this specific unit, fail rate is 100%)",Connectivity,Connectivity,YB/Lost,0.1689
wifi_tools_piece_06_of_07_Zhiqiang (2).csv,wifi,"When set router 2.4G/5G wifi authentication type: WPA-PSA and RF mode:802.11b/g/n/ax,after the machine connect it and display 802.11n instead of 802.11ax(F/R:3/3 6/6cycles)",Performance,Connectivity,Connectivity,0.1689
wifi_tools_piece_07_of_07_Brenton.csv,wifi,Canot Miracast to project the screen to this device wirelessly,P2P,Connectivity,Connectivity,0.1697
wifi_tools_piece_07_of_07_Brenton.csv,wifi,T-put(STA <-->AP) become low if enable hotspot when connected with AP 160M BW,Performance,Power Consumption,Performance,0.1713
wifi_tools_piece_06_of_07_Zhiqiang (2).csv,wifi,Wireless WiFi is lost on 23.160,YB/Lost,Connectivity,Connectivity,0.1721
weekly_labels_20260529_170002.csv,WiFi,[Lenovo][wistron][GEN4_AX201][ADL]Intel AX201 WiFi Roaming Issue with Windows Cu,Roaming,Roaming,Connectivity,0.1739
weekly_labels_20260530_145717.csv,WiFi,[Lenovo][wistron][GEN4_AX201][ADL]Intel AX201 WiFi Roaming Issue with Windows Cu,Roaming,Roaming,Connectivity,0.1739
weekly_labels_20260501_170001.csv,wifi,System cant found 6Ghz mobile hotspot.,Connectivity,Power Consumption,Connectivity,0.1776
wifi_tools_piece_07_of_07_Brenton.csv,wifi,System cant found 6Ghz mobile hotspot.,Connectivity,Power Consumption,Connectivity,0.1776
weekly_labels_20260501_170001.csv,WiFi,3LS - SIP129540 - EB 640 G11(Rex 14) & 630G11/ W11 22H2 / GC / SF / Intel wireless AX211 suffering from heavy packet loss intermittently/PC APJ/,Connectivity,P2P,Connectivity,0.1787
bt_software_piece_01_of_07_Bingyue (2).csv,bt,System Volume bar OSD not changed when pressing hotkey to adjust volume during Teams video call with BT headset,System Hang,System Hang,Connectivity,0.1820
wifi_tools_piece_01_of_07_Timdaway.csv,wifi,-System can not search WiFi 6G when set MCC to US by ANT tool + S0KKT010 BIOS + BE200 wifi Card.,Connectivity,Connectivity,Connectivity,0.1836
wifi_tools_piece_06_of_07_Zhiqiang (2).csv,wifi,The 2.4G network auto disconnect after connect USB wireless keyboard and mouse under about -70dBm RSSl.,YB/Lost,YB/Lost,Connectivity,0.1847
bt_software_piece_01_of_07_Bingyue (2).csv,bt,System exception on BT fw,Connectivity,Connectivity,YB/Lost,0.1856
weekly_labels_20260508_230403.csv,WiFi,HP Printing - Error when printing large format jobs causes brief disconnection - Intel Wi-Fi 6E AX211 and AX201 160Mhz,Connectivity,Sensing,Connectivity,0.1859
wifi_tools_piece_03_of_07_FrankLee.csv,wifi,Conducted TX spectrum Mask fail IEEE specification,Performance,RF,RF,0.1887
weekly_labels_20260508_230403.csv,BT,[HP] [Masada][LNL][FmP2-BE201][Win11 25H2 v26100.8246]Device keep going away for ~1min and comes back in NearSense UI view,Connectivity,Connectivity,Connectivity,0.1898
bt_software_piece_06_of_07_Matt.csv,bt,Please help to check the log of ibtWikoCfaFeatureExt driver.,Connectivity,Connectivity,Connectivity,0.1903
wifi_tools_piece_01_of_07_Timdaway.csv,wifi,"Miracast connection fails on the INTEL module, but passes on the MTK module",Connectivity,Connectivity,Connectivity,0.1927
bt_software_piece_07_of_07_Yuwei (2).csv,bt,"Stress_Wifi_S4, System event log show red color with Event ID 17(The local Bluetooth adapter has failed in an undetermined manner and will not be used). (F/R:2/25u,2/2500c)",YB/Lost,Connectivity,YB/Lost,0.1955
bt_software_piece_03_of_07_Steven.csv,bt,"The Bluetooth device will be auto change to ""Paired"". (Huawei Freelace)",System Hang,System Hang,Connectivity,0.1957
weekly_labels_20260529_170002.csv,WiFi,"[Lenovo ThinkPad JP][LCFC][ Libra][AX211]]The 5GHz band wifi will auto disconnected and disappeared in LowPwrRange which Roaming Aggressiveness:Medium,Preferred Band:Perfer 5GHz band",Connectivity,Roaming,Connectivity,0.1958
weekly_labels_20260530_145717.csv,WiFi,"[Lenovo ThinkPad JP][LCFC][ Libra][AX211]]The 5GHz band wifi will auto disconnected and disappeared in LowPwrRange which Roaming Aggressiveness:Medium,Preferred Band:Perfer 5GHz band",Connectivity,Roaming,Connectivity,0.1958
bt_software_piece_07_of_07_Yuwei (2).csv,bt,TX timeout during ROM flow,Connectivity,Connectivity,Connectivity,0.1962
weekly_labels_20260508_230403.csv,WiFi,[lenovo_ptl_mario]Field issue - WiFi connection issues (Romania),Connectivity,Performance,Connectivity,0.1977
weekly_labels_20260529_170002.csv,WiFi,[Intel/Commercial][Internal][MTL][AX211][8Y851AV] Wi-Fi Dropping,Connectivity,Sensing,Connectivity,0.1985
weekly_labels_20260530_145717.csv,WiFi,[Intel/Commercial][Internal][MTL][AX211][8Y851AV] Wi-Fi Dropping,Connectivity,Sensing,Connectivity,0.1985
weekly_labels_20260529_170002.csv,wifi,The system cannot scan for the 6GHz mobile Hotspot (VLP).,Connectivity,Power Consumption,Connectivity,0.1997
weekly_labels_20260530_145717.csv,wifi,The system cannot scan for the 6GHz mobile Hotspot (VLP).,Connectivity,Power Consumption,Connectivity,0.1997
wifi_tools_piece_01_of_07_Timdaway.csv,wifi,The system cannot scan for the 6GHz mobile Hotspot (VLP).,Connectivity,Power Consumption,Connectivity,0.1997
wifi_tools_piece_02_of_07_Frankyang (2).csv,wifi,"System hangs ~90s after wrong Wi-Fi password entered on CSR interface (Spider Peak 2 Scorpius, Win11 25H2)",System Hang,System Hang,Connectivity,0.2014
wifi_tools_piece_04_of_07_KJ (2).csv,wifi,"SUT cant search for 5.0GHz Wi-Fi after setting ""Wi-Fi Channel"" to 165 and then idling for about 2 minutes.",OEM Tools,OEM Tools,Connectivity,0.2017
wifi_tools_piece_01_of_07_Timdaway.csv,tools,DSM Field information are not correct,OEM Tools,UEFI,BIOS,0.2041
bt_software_piece_01_of_07_Bingyue (2).csv,bt,Device not started (BTHUSB) error with 0xC00000B5 (STATUS_IO_TIMEOUT),YB/Lost,BSOD,YB/Lost,0.2056
bt_software_piece_02_of_07_Juan.csv,bt,Advertising Duty Cycle complaint test is not meeting the SPEC requirement,Connectivity,Connectivity,Connectivity,0.2062
wifi_tools_piece_02_of_07_Frankyang (2).csv,wifi,we can not scan the 6E AP channels while applied country code as US.,Connectivity,Connectivity,Connectivity,0.2086
bt_software_piece_02_of_07_Juan.csv,bt,"When using the iper3 tool to run RX and TX while connecting to a 2.4G WiFi and Bluetooth device, the Bluetooth speaker experiences stuttering issues.",Performance,Connectivity,Performance,0.2110
bt_software_piece_04_of_07_Wesley.csv,bt,"When using the iper3 tool to run RX and TX while connecting to a 2.4G WiFi and Bluetooth device, the Bluetooth speaker experiences stuttering issues.",Performance,Connectivity,Connectivity,0.2110
wifi_tools_piece_06_of_07_Zhiqiang (2).csv,wifi,PPAG Fucntion Porting,UEFI,RF,RF,0.2127
wifi_tools_piece_03_of_07_FrankLee.csv,wifi,multiple roamings in stationary environment,Connectivity,Connectivity,Connectivity,0.2129
weekly_labels_20260501_170001.csv,wifi,"Roaming failed twice, with two failed attempts to reconnect to the 5G hotspot. F/R: 1/1u, 2/50C",Connectivity,Power Consumption,Connectivity,0.2141
weekly_labels_20260508_230403.csv,wifi,"Roaming failed twice, with two failed attempts to reconnect to the 5G hotspot. F/R: 1/1u, 2/50C",Connectivity,Power Consumption,Connectivity,0.2141
wifi_tools_piece_04_of_07_KJ (2).csv,wifi,"Roaming failed twice, with two failed attempts to reconnect to the 5G hotspot. F/R: 1/1u, 2/50C",Connectivity,Power Consumption,Connectivity,0.2141
bt_software_piece_06_of_07_Matt.csv,bt,Strange name of msi package appears when removing BT driver,Connectivity,Connectivity,Connectivity,0.2142
weekly_labels_20260529_170002.csv,WiFi,[Samsung][RPL][AX211] This pairing drops because the system suddenly stops sending RTP packets to the sink device while pairing with this device for Miracast.,P2P,Miracast,Connectivity,0.2216
weekly_labels_20260530_145717.csv,WiFi,[Samsung][RPL][AX211] This pairing drops because the system suddenly stops sending RTP packets to the sink device while pairing with this device for Miracast.,P2P,Miracast,Connectivity,0.2216
bt_software_piece_07_of_07_Yuwei (2).csv,bt,BLE data exchanged times in a connection interval,System Hang,System Hang,Connectivity,0.2223
weekly_labels_20260501_170001.csv,WiFi,[ASUS_CCBU][BE211][B9406CAA] Teams call will drop when wifi connecting.,Performance,Performance,Connectivity,0.2229
bt_software_piece_04_of_07_Wesley.csv,bt,Unable to play any videos or music (online/local) after playing YouTube videos overnight,Connectivity,Connectivity,Connectivity,0.2236
bt_software_piece_03_of_07_Steven.csv,bt,The PC high-frequency scanning 100ms broadcast takes a relatively long time (some time exceeded 20 seconds),Connectivity,Performance,Performance,0.2237
wifi_tools_piece_06_of_07_Zhiqiang (2).csv,wifi,Windows UI and netsh keep showing old channel and Band . After the DUT connected mobile hotspot switches from the 2.4G band to the 5G band,P2P,Power Consumption,Connectivity,0.2241
bt_software_piece_06_of_07_Matt.csv,bt,DUT 100% fail to bootup when BIOS BT config to PCIe (boot flow stuck at CNViBTConfig),System Hang,System Hang,BSOD,0.2244
bt_software_piece_06_of_07_Matt.csv,bt,Pista ARL BE201 Wireless Headset pause button is no function via Bluetooth.,Connectivity,Connectivity,Connectivity,0.2248
wifi_tools_piece_03_of_07_FrankLee.csv,wifi,"WLAN sometimes do not show 2 MLO links but only 1 link with the command ""netsh wlan show i"" after MLO AP is connected (F/R: 3/10)",Connectivity,Connectivity,Connectivity,0.2259
weekly_labels_20260529_170002.csv,BT,"[Huaqin][Samsung][BBY][win11]Bluetooth mouse appear delay 1S after idle about 10 min.(FR: 4 out of 4 units, 12 out of 12 times)",Performance,Performance,Connectivity,0.2277
weekly_labels_20260530_145717.csv,BT,"[Huaqin][Samsung][BBY][win11]Bluetooth mouse appear delay 1S after idle about 10 min.(FR: 4 out of 4 units, 12 out of 12 times)",Performance,Performance,Connectivity,0.2277
bt_software_piece_06_of_07_Matt.csv,bt,Bluetooth driver missing,Connectivity,Connectivity,YB/Lost,0.2279
weekly_labels_20260501_170001.csv,WiFi,[DELL][Field] Wi-Fi issue : Connection failure with 802.11r on,Performance,Performance,Connectivity,0.2281
wifi_tools_piece_02_of_07_Frankyang (2).csv,wifi,Sink PC show lag or garbage when test PC projecting to PC and play local video,Performance,Performance,P2P,0.2290
weekly_labels_20260501_170001.csv,WiFi,WPA3 Security of AC9260/AC9560,Sensing,Sensing,Connectivity,0.2299
bt_software_piece_07_of_07_Yuwei (2).csv,bt,Device Information Service only includes PnPID and Manufacture name,Connectivity,Connectivity,Connectivity,0.2312
wifi_tools_piece_06_of_07_Zhiqiang (2).csv,wifi,Random disconnect seen,Connectivity,Connectivity,Connectivity,0.2326
wifi_tools_piece_06_of_07_Zhiqiang (2).csv,wifi,Connectivity failure. 0x8FE assert seen in corporate environment. Customer suspects roaming from 40MHz to 80MHz network,YB/Lost,YB/Lost,Connectivity,0.2362
bt_software_piece_07_of_07_Yuwei (2).csv,bt,Cannot find DUT Tile in TILE Mobile App (TMA) on the phone when DUT enter to S4/D2,Connectivity,Connectivity,Connectivity,0.2370
weekly_labels_20260508_230403.csv,WiFi,"[Intel][Internal][RPL-P (I)][AX211] WiFi Disconnect, not roaming, stationary",Connectivity,P2P,Connectivity,0.2388
bt_software_piece_05_of_07_Leo.csv,bt,Noise is heard from BT headphone when other people speak during teams call.(BE201),Connectivity,Connectivity,Connectivity,0.2396
wifi_tools_piece_07_of_07_Brenton.csv,wifi,HP 3LS SIP126149 - EB 1040 G11(Ernesto MTL)/TSMC/GC/Intel AX211 Cannot find WiFi 6G issue/PCAPJ/TW,Connectivity,Connectivity,Connectivity,0.2412
wifi_tools_piece_06_of_07_Zhiqiang (2).csv,wifi,AX101 WiFi throughput drop when BT is enabled but not connected to BT device,Performance,Connectivity,Performance,0.2418
weekly_labels_20260529_170002.csv,WiFi,"[Huawei][Quanta][Euler][CML-U][AX201][WLAN][19H2]Connected with WPA3 AP, and after restart has fail rate that reconnected slowly.",Performance,Performance,Connectivity,0.2445
weekly_labels_20260530_145717.csv,WiFi,"[Huawei][Quanta][Euler][CML-U][AX201][WLAN][19H2]Connected with WPA3 AP, and after restart has fail rate that reconnected slowly.",Performance,Performance,Connectivity,0.2445
bt_software_piece_03_of_07_Steven.csv,bt,DID profile 1.3 version is not available,Connectivity,Connectivity,Connectivity,0.2488
wifi_tools_piece_04_of_07_KJ (2).csv,wifi,The 6GHz frequency band can be searched when use Intel WLAN card without any setting.,Connectivity,Connectivity,Connectivity,0.2494
weekly_labels_20260529_170002.csv,WiFi,[Dell][Bolan LNL/FmP2] Persistent Wi-Fi roaming and disconnection problems affecting Dell laptops with Intel BE200/201/202 and AX211 adapters,Connectivity,Roaming,Connectivity,0.2498
weekly_labels_20260530_145717.csv,WiFi,[Dell][Bolan LNL/FmP2] Persistent Wi-Fi roaming and disconnection problems affecting Dell laptops with Intel BE200/201/202 and AX211 adapters,Connectivity,Roaming,Connectivity,0.2498
bt_software_piece_02_of_07_Juan.csv,bt,"SystemEvent log show error ID_5 after connect the BT MS&KB&Hedset devices, FR: 1/1Unit, 3/3Cycles",Connectivity,Connectivity,Connectivity,0.2498
weekly_labels_20260508_230403.csv,WiFi,[ASUS_CCBU][P5405CSA/P3405CVA][BE201/AX211] Cannot display extended mode on a second monitor via Miracast.,P2P,P2P,Miracast,0.2513
bt_software_piece_07_of_07_Yuwei (2).csv,bt,Bluetooth is switched on automatically after resuming from Hibernation.,Connectivity,Connectivity,Connectivity,0.2514
wifi_tools_piece_04_of_07_KJ (2).csv,wifi,WiFi drops intermittently while on a teams call,Connectivity,Connectivity,Connectivity,0.2515
bt_software_piece_04_of_07_Wesley.csv,bt,Intel AX211 WLAN became hidden (code 45) in device manager after resume from sleep,YB/Lost,Power Consumption,YB/Lost,0.2516
weekly_labels_20260501_170001.csv,WiFi,[DELL][Field]Intel(R) Wi-Fi 7 BE200 is unable to connect WIFI-6E 6GHz networks in Windows 10/11 in Macao,Connectivity,P2P,Connectivity,0.2518
weekly_labels_20260508_230403.csv,WiFi,[DELL][Field]Intel(R) Wi-Fi 7 BE200 is unable to connect WIFI-6E 6GHz networks in Windows 10/11 in Macao,Connectivity,P2P,Connectivity,0.2518
weekly_labels_20260529_170002.csv,WiFi,[DELL][Field]Intel(R) Wi-Fi 7 BE200 is unable to connect WIFI-6E 6GHz networks in Windows 10/11 in Macao,Connectivity,P2P,Connectivity,0.2518
weekly_labels_20260530_145717.csv,WiFi,[DELL][Field]Intel(R) Wi-Fi 7 BE200 is unable to connect WIFI-6E 6GHz networks in Windows 10/11 in Macao,Connectivity,P2P,Connectivity,0.2518
wifi_tools_piece_06_of_07_Zhiqiang (2).csv,wifi,PX AX210 Wifi 6G _DSM support_OEM,Connectivity,Connectivity,BIOS,0.2542
bt_software_piece_05_of_07_Leo.csv,bt,BT automatically disconnects when transferring 100M data file via BT with AX211 / Killer1675i card. FR: 8/10 cycle,Connectivity,Killer,Connectivity,0.2543
wifi_tools_piece_07_of_07_Brenton.csv,wifi,SUT can search for 5.0GHz Wi-Fi with channel 165 on Indonesia image (PTL+WhP2),Connectivity,Connectivity,Connectivity,0.2547
weekly_labels_20260529_170002.csv,wifi,BT MCC jump to 3030 due to Wi-Fi,YB/Lost,Connectivity,YB/Lost,0.2548
weekly_labels_20260530_145717.csv,wifi,BT MCC jump to 3030 due to Wi-Fi,YB/Lost,Connectivity,YB/Lost,0.2548
wifi_tools_piece_02_of_07_Frankyang (2).csv,wifi,verify Teams Video call with volume change,System Hang,System Hang,System Hang,0.2576
bt_software_piece_02_of_07_Juan.csv,bt,Remove Duplicate Entires in the ibtpciinf,Connectivity,Connectivity,Connectivity,0.2620
bt_software_piece_06_of_07_Matt.csv,bt,DUT OPP received picture will show abnormal if transferring files with BT headset music playing,Connectivity,Connectivity,Connectivity,0.2626
bt_software_piece_04_of_07_Wesley.csv,bt,LE anchor point and CIS 2nd and 3rd subevent overlaps,Connectivity,Connectivity,Connectivity,0.2641
weekly_labels_20260508_230403.csv,BT,[Microsoft][UID 1295717][PTL/FmP/OOB 26581][PAS] PAS Audio Glitches during WiFi-BT Coex on 2.4ghz 20MHz (2.4ghz 20MHz CND),Performance,Connectivity,Performance,0.2656
wifi_tools_piece_02_of_07_Frankyang (2).csv,wifi,T-put HL TX issue,Performance,RF,Performance,0.2677
bt_software_piece_04_of_07_Wesley.csv,bt,"call active, R power off, L no sound for 5~10 sec",Connectivity,Power Consumption,Connectivity,0.2689
weekly_labels_20260529_170002.csv,WiFi,[Honor][LUX][Zhuque&Xuanwu][AX211][PTL][25H2]The wifi cant get internet,Connectivity,P2P,Connectivity,0.2707
weekly_labels_20260530_145717.csv,WiFi,[Honor][LUX][Zhuque&Xuanwu][AX211][PTL][25H2]The wifi cant get internet,Connectivity,P2P,Connectivity,0.2707
wifi_tools_piece_06_of_07_Zhiqiang (2).csv,wifi,wireless connection and network performance issues,Connectivity,Connectivity,Connectivity,0.2707
bt_software_piece_05_of_07_Leo.csv,bt,"Error message ""your speaker arent working"" pops ups when do video call by Teams with BT headset connected.",Connectivity,Connectivity,Connectivity,0.2741
wifi_tools_piece_01_of_07_Timdaway.csv,wifi,CITU test Command XVT_CMD_STEP_MARGIN_TEST_CONFIG_V6 failed with status 31_ Umac Error 0x20100502,BSOD,BSOD,OEM Tools,0.2743
weekly_labels_20260508_230403.csv,BT,[Lenovo-DT][Huaqin][Yoga9][PTL] The yellow label of the Wifi/BT device appears in the reboot cycle stress test,YB/Lost,Connectivity,YB/Lost,0.2744
bt_software_piece_04_of_07_Wesley.csv,bt,Intel LNL RVP + GaP discrete offload fail to work (music no sound),Connectivity,Connectivity,Connectivity,0.2749
bt_software_piece_05_of_07_Leo.csv,bt,Late LE audio reconnection of second bud (Galaxy Buds2 Pro),Connectivity,Connectivity,Connectivity,0.2755
bt_software_piece_04_of_07_Wesley.csv,bt,MDUT Reconnection - HCI_Encription_Change increases the reconnection time,Connectivity,System Hang,Connectivity,0.2772
bt_software_piece_05_of_07_Leo.csv,bt,MDUT Reconnection - HCI_Encription_Change increases the reconnection time.,Connectivity,System Hang,Connectivity,0.2772
bt_software_piece_05_of_07_Leo.csv,bt,MDUT Reconnection - HCI_Encription_Change increases the reconnection time,Connectivity,System Hang,Connectivity,0.2772
bt_software_piece_06_of_07_Matt.csv,bt,"Using Bluetooth earphones to watch videos, the earphone sound is intermittent and there is a current sound",Connectivity,Connectivity,Connectivity,0.2775
wifi_tools_piece_03_of_07_FrankLee.csv,wifi,DRTU 2.4GHz testing 100% on 4/11 DUT not work with 23.165 assert 0x2010121E,YB/Lost,YB/Lost,YB/Lost,0.2778
weekly_labels_20260529_170002.csv,wifi,Z93 WiFi 5Ghz band 160M-BW DFS fail issue,Connectivity,Connectivity,Connectivity,0.2783
weekly_labels_20260530_145717.csv,wifi,Z93 WiFi 5Ghz band 160M-BW DFS fail issue,Connectivity,Connectivity,Connectivity,0.2783
wifi_tools_piece_06_of_07_Zhiqiang (2).csv,wifi,Z93 WiFi 5Ghz band 160M-BW DFS fail issue,Connectivity,Connectivity,Connectivity,0.2783
weekly_labels_20260529_170002.csv,WiFi,[Honor][LUX][Zhuquan&xuanwu][PTL][AX211]The wifi connect fail because Four EAPOL authentication failures,Connectivity,P2P,Connectivity,0.2789
weekly_labels_20260530_145717.csv,WiFi,[Honor][LUX][Zhuquan&xuanwu][PTL][AX211]The wifi connect fail because Four EAPOL authentication failures,Connectivity,P2P,Connectivity,0.2789
bt_software_piece_01_of_07_Bingyue (2).csv,bt,PC connect TV failed by ble,Connectivity,Connectivity,Connectivity,0.2790
weekly_labels_20260529_170002.csv,BT,"[Lenovo][AVC][WCL-H][BE213][Neo50Q-7] BT uninstall issue, 1/1Units, 1/1cycles",Connectivity,Connectivity,Connectivity,0.2795
weekly_labels_20260530_145717.csv,BT,"[Lenovo][AVC][WCL-H][BE213][Neo50Q-7] BT uninstall issue, 1/1Units, 1/1cycles",Connectivity,Connectivity,Connectivity,0.2795
wifi_tools_piece_07_of_07_Brenton.csv,wifi,"Ant tool request to add ""Group 4 to 8"" reading value Get Tx Power Delta Limits",OEM Tools,Power Consumption,OEM Tools,0.2825
wifi_tools_piece_07_of_07_Brenton.csv,wifi,Biostool.exe does not show the parameters in UEFI data version 4,UEFI,UEFI,OEM Tools,0.2829
bt_software_piece_02_of_07_Juan.csv,bt,There are advs but no connection complete evt,Connectivity,Connectivity,Connectivity,0.2835
bt_software_piece_01_of_07_Bingyue (2).csv,bt,BT Device Disappear CS+Wifi AP connected,Connectivity,Connectivity,Connectivity,0.2862
weekly_labels_20260508_230403.csv,BT,[LG][16Z90U][PTL/BE211/Win11 25H2] Youtube lip-sync issue when connecting Bluetooth classic audio,Connectivity,Connectivity,Connectivity,0.2866
bt_software_piece_01_of_07_Bingyue (2).csv,bt,BT mouse cannot work after idle or paired successfully.,Connectivity,Connectivity,Connectivity,0.2893
wifi_tools_piece_04_of_07_KJ (2).csv,tools,"Opening and ending tag mismatch on ""LPI"" in PowerTable output",OEM Tools,Power Consumption,Connectivity,0.2896
weekly_labels_20260515_170001.csv,WiFi,[TB1416 Gen8-IRL][Intel AX211/AX203] WiFi lag issue,Performance,P2P,Performance,0.2922
bt_software_piece_06_of_07_Matt.csv,bt,The BLE mouse cant reconnect resuming from MS,OEM Tools,OEM Tools,Connectivity,0.2928
bt_software_piece_05_of_07_Leo.csv,bt,Bluetooth headset is 3 meters away and the sound is lag,Connectivity,Connectivity,Connectivity,0.2954
weekly_labels_20260529_170002.csv,wifi,P178G002/P179G002 update KC Wifi 7,Connectivity,Connectivity,Connectivity,0.2956
weekly_labels_20260530_145717.csv,wifi,P178G002/P179G002 update KC Wifi 7,Connectivity,Connectivity,Connectivity,0.2956
wifi_tools_piece_06_of_07_Zhiqiang (2).csv,wifi,P178G002/P179G002 update KC Wifi 7,Connectivity,Connectivity,Connectivity,0.2956
bt_software_piece_01_of_07_Bingyue (2).csv,bt,BLE launch failure on PTL Platforms with BE211 Module,Connectivity,Connectivity,Connectivity,0.2957
weekly_labels_20260529_170002.csv,wifi,Clevo_X560WNx_ARL-HX_AX201 WiFi connect issues,Connectivity,Connectivity,Connectivity,0.2963
weekly_labels_20260530_145717.csv,wifi,Clevo_X560WNx_ARL-HX_AX201 WiFi connect issues,Connectivity,Connectivity,Connectivity,0.2963
wifi_tools_piece_01_of_07_Timdaway.csv,wifi,Clevo_X560WNx_ARL-HX_AX201 WiFi connect issues,Connectivity,Connectivity,Connectivity,0.2963
wifi_tools_piece_02_of_07_Frankyang (2).csv,wifi,"The WIFI assert _0x3706 and 0x22d2 happening cause to network disconnected during wechat video callevent log show wifi ""5002"". Fail rate: 1/109 units",YB/Lost,YB/Lost,Connectivity,0.2963
weekly_labels_20260515_170001.csv,BT,"[Ubuntu] [HP] [ ZBook X G2i] bluetooth test got errors on Intel BE211NGW  HCI: Command failed. Error code: 0x12, Payload: b\x04\x0e\x04\x01B \x12",OEM Tools,Connectivity,OEM Tools,0.2969
weekly_labels_20260529_170002.csv,WiFi,[Honor][Huaqin][FeimiGlite][MTL][Intel AX201][WiFi][25H2]PAD-to-PC traffic streaming experiences zero drop,P2P,P2P,P2P,0.2975
weekly_labels_20260530_145717.csv,WiFi,[Honor][Huaqin][FeimiGlite][MTL][Intel AX201][WiFi][25H2]PAD-to-PC traffic streaming experiences zero drop,P2P,P2P,P2P,0.2975
bt_software_piece_01_of_07_Bingyue (2).csv,bt,"Swift Pair connected with Use LE audio when available disabled, after connection host will reconnect LE portion",Connectivity,Connectivity,Connectivity,0.2979
wifi_tools_piece_07_of_07_Brenton.csv,wifi,"WiFi Spectrum Mask, EVM and Power tolerance questions",Performance,Power Consumption,Performance,0.2986
bt_software_piece_03_of_07_Steven.csv,bt,Bluetooth Mic Test Does Not Reflect Input or Volume Assessment,Connectivity,Connectivity,Connectivity,0.2993
bt_software_piece_02_of_07_Juan.csv,bt,Sniff Mode Parameters not meet the criteria,Connectivity,Connectivity,Connectivity,0.3029
bt_software_piece_07_of_07_Yuwei (2).csv,bt,HDUT not support Sniff Subrating Mode,Connectivity,Connectivity,Connectivity,0.3033
bt_software_piece_02_of_07_Juan.csv,bt,"BT headset 100% fail to mute , still can hear volume after mute",Connectivity,Connectivity,Connectivity,0.3036
weekly_labels_20260425_151911.csv,BT,"[NEC][LCFC][WCL][Yukimura-WCL VP][25H2][SIT][BE211]The BT driver shows Dual BT in the Device Manager details, and the language used for the Device Manager name is different. FR: 1/1unit",Connectivity,Not WiFi Issue,Connectivity,0.3057
weekly_labels_20260425_154714.csv,BT,"[NEC][LCFC][WCL][Yukimura-WCL VP][25H2][SIT][BE211]The BT driver shows Dual BT in the Device Manager details, and the language used for the Device Manager name is different. FR: 1/1unit",Connectivity,Not WiFi Issue,Connectivity,0.3057
weekly_labels_20260425_162335.csv,BT,"[NEC][LCFC][WCL][Yukimura-WCL VP][25H2][SIT][BE211]The BT driver shows Dual BT in the Device Manager details, and the language used for the Device Manager name is different. FR: 1/1unit",Connectivity,Not WiFi Issue,Connectivity,0.3057
weekly_labels_20260425_165309.csv,BT,"[NEC][LCFC][WCL][Yukimura-WCL VP][25H2][SIT][BE211]The BT driver shows Dual BT in the Device Manager details, and the language used for the Device Manager name is different. FR: 1/1unit",Connectivity,Not WiFi Issue,Connectivity,0.3057
wifi_tools_piece_04_of_07_KJ (2).csv,wifi,Mobile hotspot cannot be opened when selecting 5GHz band,Connectivity,Power Consumption,Connectivity,0.3068
bt_software_piece_02_of_07_Juan.csv,bt,Bluetooth mouse has poor tracking perfo,Performance,Connectivity,Performance,0.3069
weekly_labels_20260501_170001.csv,BT,[Samsung][GB6-16 PTL][GfP2] PC snatches the connection of Buds4 from Phone,Connectivity,Connectivity,Connectivity,0.3103
weekly_labels_20260529_170002.csv,BT,[CLEVO][R100YU][R100YU_BE211_HEADSET_NO_MIC],Connectivity,Connectivity,Connectivity,0.3132
weekly_labels_20260530_145717.csv,BT,[CLEVO][R100YU][R100YU_BE211_HEADSET_NO_MIC],Connectivity,Connectivity,Connectivity,0.3132
weekly_labels_20260425_151911.csv,BT,[WIKO][Longcheer][MarseilleJ][Win11][Intel-PTL][AX211][BT]BR bluetooth mouse will be deleted automatically after upgrade to 24.40.0.3 bluetooth driver.,Connectivity,Performance,Connectivity,0.3147
weekly_labels_20260425_154714.csv,BT,[WIKO][Longcheer][MarseilleJ][Win11][Intel-PTL][AX211][BT]BR bluetooth mouse will be deleted automatically after upgrade to 24.40.0.3 bluetooth driver.,Connectivity,Performance,Connectivity,0.3147
weekly_labels_20260425_162335.csv,BT,[WIKO][Longcheer][MarseilleJ][Win11][Intel-PTL][AX211][BT]BR bluetooth mouse will be deleted automatically after upgrade to 24.40.0.3 bluetooth driver.,Connectivity,Performance,Connectivity,0.3147
weekly_labels_20260425_165309.csv,BT,[WIKO][Longcheer][MarseilleJ][Win11][Intel-PTL][AX211][BT]BR bluetooth mouse will be deleted automatically after upgrade to 24.40.0.3 bluetooth driver.,Connectivity,Performance,Connectivity,0.3147
wifi_tools_piece_07_of_07_Brenton.csv,wifi,"After DUT S4 for a period of time and wakes up, the performance is abnormal when the WIFi65G frequency band 80MHZ/160MHz bandwidth",Performance,Connectivity,Performance,0.3156
bt_software_piece_02_of_07_Juan.csv,bt,he sound&play UI became very lag after end the teams call then play local video with BT LE headphone connected.(BE201),Connectivity,Connectivity,Connectivity,0.3196
bt_software_piece_06_of_07_Matt.csv,bt,Teams call L and R earcup render not synced,Connectivity,Connectivity,Connectivity,0.3199
wifi_tools_piece_01_of_07_Timdaway.csv,wifi,BE211 transmission speed low(2515~2873Mbps Expect:>2.88Gbps) with WIFI 7 after PM operations,Performance,Connectivity,Performance,0.3213
weekly_labels_20260425_151911.csv,BT,"[Lenovo Thinkbook/Consumer][Wistron][WCL][AX211][IdeaPad Slim 5 13IWC11]The AX211 network card uses Bluetooth to record audio with current and noise.(10/10 unit,50/50 cycle)",Connectivity,Connectivity,Connectivity,0.3220
weekly_labels_20260425_154714.csv,BT,"[Lenovo Thinkbook/Consumer][Wistron][WCL][AX211][IdeaPad Slim 5 13IWC11]The AX211 network card uses Bluetooth to record audio with current and noise.(10/10 unit,50/50 cycle)",Connectivity,Connectivity,Connectivity,0.3220
weekly_labels_20260425_162335.csv,BT,"[Lenovo Thinkbook/Consumer][Wistron][WCL][AX211][IdeaPad Slim 5 13IWC11]The AX211 network card uses Bluetooth to record audio with current and noise.(10/10 unit,50/50 cycle)",Connectivity,Connectivity,Connectivity,0.3220
weekly_labels_20260425_165309.csv,BT,"[Lenovo Thinkbook/Consumer][Wistron][WCL][AX211][IdeaPad Slim 5 13IWC11]The AX211 network card uses Bluetooth to record audio with current and noise.(10/10 unit,50/50 cycle)",Connectivity,Connectivity,Connectivity,0.3220
weekly_labels_20260522_183733.csv,WiFi,[Asus][B5406FMA][Luxshare][WCL]  Wifi device not foud during Reboot cycling.,Connectivity,P2P,Connectivity,0.3223
weekly_labels_20260523_143606.csv,WiFi,[Asus][B5406FMA][Luxshare][WCL]  Wifi device not foud during Reboot cycling.,Connectivity,P2P,Connectivity,0.3223
weekly_labels_20260523_143640.csv,WiFi,[Asus][B5406FMA][Luxshare][WCL]  Wifi device not foud during Reboot cycling.,Connectivity,P2P,Connectivity,0.3223
weekly_labels_20260523_145957.csv,WiFi,[Asus][B5406FMA][Luxshare][WCL]  Wifi device not foud during Reboot cycling.,Connectivity,P2P,Connectivity,0.3223
weekly_labels_20260523_150056.csv,WiFi,[Asus][B5406FMA][Luxshare][WCL]  Wifi device not foud during Reboot cycling.,Connectivity,P2P,Connectivity,0.3223
weekly_labels_20260525_100744.csv,WiFi,[Asus][B5406FMA][Luxshare][WCL]  Wifi device not foud during Reboot cycling.,Connectivity,P2P,Connectivity,0.3223
wifi_tools_piece_04_of_07_KJ (2).csv,wifi,"0x28af/0x32d occurred when doing ""MS<-->Resume"" stress test",BSOD,BSOD,YB/Lost,0.3225
wifi_tools_piece_04_of_07_KJ (2).csv,wifi,The wifi will disconnect when enter to MS,P2P,Connectivity,P2P,0.3245
bt_software_piece_01_of_07_Bingyue (2).csv,bt,Enabling the s-mono function causes noise during playback,YB/Lost,YB/Lost,Connectivity,0.3262
bt_software_piece_04_of_07_Wesley.csv,bt,The Bluetooth related device lost when using the MIKE II tool to run hibernate resume (manual resume) Fail Rate: 1unit 2/2 trials.,YB/Lost,Connectivity,YB/Lost,0.3286
bt_software_piece_04_of_07_Wesley.csv,bt,The BT switch show gray and BT function disappear,Connectivity,Connectivity,YB/Lost,0.3296
bt_software_piece_06_of_07_Matt.csv,bt,Bluetooth headset fails to connect automatically after Windows is resume from shutdown,Connectivity,Connectivity,Connectivity,0.3301
bt_software_piece_03_of_07_Steven.csv,software,6GHz band in WiFi Analyzer only can show up to channel 90 (it should be up to 233 or higher).,ICPS,Killer,ICPS,0.3313
wifi_tools_piece_04_of_07_KJ (2).csv,wifi,"0x28af/0x10028af and AP disconnect when ""MS<--->Resume"" stress test",BSOD,BSOD,BSOD,0.3314
bt_software_piece_07_of_07_Yuwei (2).csv,bt,Broadcast sending failed,Connectivity,Connectivity,Connectivity,0.3331
weekly_labels_20260501_170001.csv,wifi,"[Haier][Wingtech][G1][ADL-P][Ax210][21H2]With the PC connection to the WiFi for a long-time suspension test, the WLAN driver has a loss problem [3 / 3]",Connectivity,Connectivity,Connectivity,0.3352
weekly_labels_20260529_170002.csv,wifi,"[Haier][Wingtech][G1][ADL-P][Ax210][21H2]With the PC connection to the WiFi for a long-time suspension test, the WLAN driver has a loss problem [3 / 3]",Connectivity,Connectivity,Connectivity,0.3352
weekly_labels_20260530_145717.csv,wifi,"[Haier][Wingtech][G1][ADL-P][Ax210][21H2]With the PC connection to the WiFi for a long-time suspension test, the WLAN driver has a loss problem [3 / 3]",Connectivity,Connectivity,Connectivity,0.3352
wifi_tools_piece_03_of_07_FrankLee.csv,wifi,"[Haier][Wingtech][G1][ADL-P][Ax210][21H2]With the PC connection to the WiFi for a long-time suspension test, the WLAN driver has a loss problem [3 / 3]",Connectivity,Connectivity,Connectivity,0.3352
wifi_tools_piece_01_of_07_Timdaway.csv,wifi,System does not sync screen via miracast from PC to PAD.,P2P,Connectivity,Connectivity,0.3357
weekly_labels_20260425_151911.csv,BT,"[Lenovo][Wistron][PTL-H][BE211][Curie3] BT headphone cant hear ""Lenovo Vantage"" notification sound",Connectivity,Connectivity,Connectivity,0.3363
weekly_labels_20260425_154714.csv,BT,"[Lenovo][Wistron][PTL-H][BE211][Curie3] BT headphone cant hear ""Lenovo Vantage"" notification sound",Connectivity,Connectivity,Connectivity,0.3363
weekly_labels_20260425_162335.csv,BT,"[Lenovo][Wistron][PTL-H][BE211][Curie3] BT headphone cant hear ""Lenovo Vantage"" notification sound",Connectivity,Connectivity,Connectivity,0.3363
weekly_labels_20260425_165309.csv,BT,"[Lenovo][Wistron][PTL-H][BE211][Curie3] BT headphone cant hear ""Lenovo Vantage"" notification sound",Connectivity,Connectivity,Connectivity,0.3363
bt_software_piece_07_of_07_Yuwei (2).csv,bt,Bluetooth headset has No Output Sound After PC Bluetooth Toggle (OFF/ON) 100% fail rate.,Connectivity,Connectivity,Connectivity,0.3393
bt_software_piece_07_of_07_Yuwei (2).csv,bt,BLE launch fail,Connectivity,Connectivity,Connectivity,0.3399
weekly_labels_20260501_170001.csv,BT,[Lenovo ThinkPad][Avon/PTL/BE211][PCI][25H2] Short Audio Cues does not Play When Using Bluetooth Headset,Connectivity,Connectivity,Connectivity,0.3400
bt_software_piece_02_of_07_Juan.csv,bt,BTS4,Connectivity,Connectivity,Connectivity,0.3400
bt_software_piece_06_of_07_Matt.csv,bt,"Connect BT headset to system, and then it will only show connected voice and the sound out put from PC speaker.",Connectivity,Connectivity,Connectivity,0.3417
bt_software_piece_02_of_07_Juan.csv,bt,The sound is terrible after starting a PAS session,Connectivity,Connectivity,Connectivity,0.3449
weekly_labels_20260425_151911.csv,BT,[Honor][Huaqin][LvzhouD][WCL][Intel AX211][WiFi][25H2]Bluetooth device disconnection With a high probability,YB/Lost,YB/Lost,Connectivity,0.3456
weekly_labels_20260425_154714.csv,BT,[Honor][Huaqin][LvzhouD][WCL][Intel AX211][WiFi][25H2]Bluetooth device disconnection With a high probability,YB/Lost,YB/Lost,Connectivity,0.3456
weekly_labels_20260425_162335.csv,BT,[Honor][Huaqin][LvzhouD][WCL][Intel AX211][WiFi][25H2]Bluetooth device disconnection With a high probability,YB/Lost,YB/Lost,Connectivity,0.3456
weekly_labels_20260425_165309.csv,BT,[Honor][Huaqin][LvzhouD][WCL][Intel AX211][WiFi][25H2]Bluetooth device disconnection With a high probability,YB/Lost,YB/Lost,Connectivity,0.3456
wifi_tools_piece_02_of_07_Frankyang (2).csv,wifi,AX411 QS sample 6e tx power lock at 7.5dB,OEM Tools,Power Consumption,OEM Tools,0.3465
weekly_labels_20260501_170001.csv,wifi,2.4G DRTU Target power difference at the same SKU,Performance,Power Consumption,Performance,0.3474
wifi_tools_piece_02_of_07_Frankyang (2).csv,wifi,2.4G DRTU Target power difference at the same SKU,Performance,Power Consumption,OEM Tools,0.3474
weekly_labels_20260501_170001.csv,BT,[Microsoft][UID 1292890][PTL/FmP/OOB 26581][PAS] LE earbuds disconnects intermittently during the PAS streaming with TCPRx iperf traffic and HID(mouse connected),Connectivity,Connectivity,Connectivity,0.3489
bt_software_piece_07_of_07_Yuwei (2).csv,bt,Bluetooth headphone only have audio no MIC function,Connectivity,Connectivity,Connectivity,0.3499
wifi_tools_piece_02_of_07_Frankyang (2).csv,wifi,802.11AX MCS6 and BE MCS11 with LDPC Sensitivity is not met EPS Performance,Performance,RF,Performance,0.3542
bt_software_piece_05_of_07_Leo.csv,bt,BLE broadcast not found,Connectivity,Connectivity,Connectivity,0.3563
bt_software_piece_02_of_07_Juan.csv,bt,"BT audio playback failed ""Format Not Supported""",YB/Lost,YB/Lost,Connectivity,0.3574
wifi_tools_piece_02_of_07_Frankyang (2).csv,wifi,"Batterylife_Battery Leackage_Unit show blue screen(Stop code: DRICER_POWER_START. (F/R: 1/3units,1/3cycles)",BSOD,BSOD,BSOD,0.3586
wifi_tools_piece_01_of_07_Timdaway.csv,wifi,GaP power consumption upon WiFi 7 Tx TPT scenario doesnt follow DTT request power value,RF,Power Consumption,Power Consumption,0.3595
bt_software_piece_06_of_07_Matt.csv,software,":Error ID 1000(IDBWM.exe) was found during S4 stress test(F/R:1/13 units,1/1950 total trials) -- IDBWM+0xb4019",ICPS,Killer,ICPS,0.3615
wifi_tools_piece_03_of_07_FrankLee.csv,wifi,"Frequent assert 0x4446 when host is sharing the 5G hotspot, 3/3Units, 3/3cycles in noisy environment",YB/Lost,YB/Lost,YB/Lost,0.3620
bt_software_piece_04_of_07_Wesley.csv,bt,[HP][SnowWhite/LNL/FmP][PCIe] Bluetooth LE Mouse can not be used during connected state. - [Connection timeout],Connectivity,Connectivity,Connectivity,0.3622
weekly_labels_20260529_170002.csv,WiFi,"[HP][QTA][BNB][WCL][Cheddar] SIO2445127: The unit got ""0x9F"" BSOD during running WINPVT Wake-on-LAN Stress (S3S4S5+LAN_CHK_WOL.PVT) using LOM with IPV4/IPV6.",BSOD,WowLAN,BSOD,0.3631
weekly_labels_20260530_145717.csv,WiFi,"[HP][QTA][BNB][WCL][Cheddar] SIO2445127: The unit got ""0x9F"" BSOD during running WINPVT Wake-on-LAN Stress (S3S4S5+LAN_CHK_WOL.PVT) using LOM with IPV4/IPV6.",BSOD,WowLAN,BSOD,0.3631
wifi_tools_piece_04_of_07_KJ (2).csv,wifi,SIP126226 - 1040 G11/Win11 24H2/NA/PC US/Intel WLAN driver causes 0xa bug check,BSOD,BSOD,BSOD,0.3638
wifi_tools_piece_04_of_07_KJ (2).csv,wifi,TAS test failed,UEFI,RF,UEFI,0.3648
weekly_labels_20260501_170001.csv,BT,[xiaomi][huaqin][N56SR/N57SR][PTL-H][AX211] BSOD 0xE6 during FCT test leaves AX211 Bluetooth in unrecoverable yellow bang state on Panther Lake,BSOD,Connectivity,BSOD,0.3655
weekly_labels_20260508_230403.csv,BT,[CLEVO][V740TUT1][V740TUT1_AX201_HEADSET_NO-MIC_AFTER_S4],Connectivity,Connectivity,Connectivity,0.3663
bt_software_piece_03_of_07_Steven.csv,bt,"After pairing the Bluetooth headset, the sound output takes about 15 seconds to switch to the headset.",Connectivity,Connectivity,Connectivity,0.3671
weekly_labels_20260501_170001.csv,wifi,"The result show fail when running Stress-WiFi Ping (S4) test.(F/R:11/40units,13/4000cycles)",Connectivity,Connectivity,Connectivity,0.3675
weekly_labels_20260508_230403.csv,wifi,"The result show fail when running Stress-WiFi Ping (S4) test.(F/R:11/40units,13/4000cycles)",Connectivity,Connectivity,Connectivity,0.3675
weekly_labels_20260508_230403.csv,wifi,"The result show fail when running Stress-WiFi Ping (S4) test.(F/R:11/40units,13/4000cycles)",Connectivity,Connectivity,Connectivity,0.3675
weekly_labels_20260515_170001.csv,wifi,"The result show fail when running Stress-WiFi Ping (S4) test.(F/R:11/40units,13/4000cycles)",Connectivity,Connectivity,Connectivity,0.3675
weekly_labels_20260515_170001.csv,wifi,"The result show fail when running Stress-WiFi Ping (S4) test.(F/R:11/40units,13/4000cycles)",Connectivity,Connectivity,Connectivity,0.3675
weekly_labels_20260515_170001.csv,wifi,"The result show fail when running Stress-WiFi Ping (S4) test.(F/R:11/40units,13/4000cycles)",Connectivity,Connectivity,Connectivity,0.3675
weekly_labels_20260515_170001.csv,wifi,"The result show fail when running Stress-WiFi Ping (S4) test.(F/R:11/40units,13/4000cycles)",Connectivity,Connectivity,Connectivity,0.3675
wifi_tools_piece_06_of_07_Zhiqiang (2).csv,wifi,"The result show fail when running Stress-WiFi Ping (S4) test.(F/R:11/40units,13/4000cycles)",Connectivity,Connectivity,Connectivity,0.3675
bt_software_piece_06_of_07_Matt.csv,bt,bluetooth mouse lag when cpu high loading,Performance,Connectivity,Performance,0.3698
wifi_tools_piece_06_of_07_Zhiqiang (2).csv,wifi,WiFi Direct discovery & connection to peer takes a long time as ICPS installed.,ICPS,ICPS,ICPS,0.3718
bt_software_piece_06_of_07_Matt.csv,bt,Abnormal disconnection and connection failure.,Connectivity,Connectivity,Connectivity,0.3757
bt_software_piece_06_of_07_Matt.csv,bt,PC scan automotive slowly by 10% duty cycle,Performance,Performance,Performance,0.3757
bt_software_piece_04_of_07_Wesley.csv,bt,Unable to run testharness tool on HostPC,OEM Tools,Connectivity,OEM Tools,0.3760
bt_software_piece_02_of_07_Juan.csv,bt,MDUT Reconnection does not meet the spec,Connectivity,Connectivity,Connectivity,0.3761
bt_software_piece_01_of_07_Bingyue (2).csv,bt,"After resume from MS for long time, BT mouse will lost function and can not scan & pair. (Scan List Empty)",Connectivity,Connectivity,Connectivity,0.3767
weekly_labels_20260529_170002.csv,WiFi,[Honor][ZhuQue][PTL][AX211 1216@160M][High probability]0x9f,BSOD,Performance,BSOD,0.3776
weekly_labels_20260530_145717.csv,WiFi,[Honor][ZhuQue][PTL][AX211 1216@160M][High probability]0x9f,BSOD,Performance,BSOD,0.3776
wifi_tools_piece_06_of_07_Zhiqiang (2).csv,wifi,BSOD-0x7E issue when enable SAR table,BSOD,RF,BSOD,0.3776
wifi_tools_piece_04_of_07_KJ (2).csv,tools,WRT does not make logs on the korean machine names.,OEM Tools,Connectivity,OEM Tools,0.3779
wifi_tools_piece_02_of_07_Frankyang (2).csv,wifi,"Mobile hotspot channel changed, the system reconnect failed",P2P,System Hang,P2P,0.3795
wifi_tools_piece_02_of_07_Frankyang (2).csv,wifi,SPD sometime cannot work even when sitting upright,Sensing,Connectivity,Sensing,0.3799
bt_software_piece_03_of_07_Steven.csv,bt,The BT earphone (Airpods4) sound lag 5s and then no sound output,Connectivity,Connectivity,Connectivity,0.3840
bt_software_piece_01_of_07_Bingyue (2).csv,bt,Auto Connection Issue,Connectivity,Connectivity,Connectivity,0.3875
weekly_labels_20260529_170002.csv,BT,"[Lenovo][AVC][WCL-H][BE213][Neo50q-7]BT headset connection bug 4/4Units,4/4cycle",Connectivity,Connectivity,Connectivity,0.3903
weekly_labels_20260530_145717.csv,BT,"[Lenovo][AVC][WCL-H][BE213][Neo50q-7]BT headset connection bug 4/4Units,4/4cycle",Connectivity,Connectivity,Connectivity,0.3903
wifi_tools_piece_03_of_07_FrankLee.csv,wifi,P2P pairing - GO finding failure.,P2P,Connectivity,Connectivity,0.3908
weekly_labels_20260522_183733.csv,WiFi,[Samsung][WCL][NB8532A][Intel AX211]Unit cannot be ping when in MS status,Connectivity,Sensing,Connectivity,0.3942
weekly_labels_20260523_143606.csv,WiFi,[Samsung][WCL][NB8532A][Intel AX211]Unit cannot be ping when in MS status,Connectivity,Sensing,Connectivity,0.3942
weekly_labels_20260523_143640.csv,WiFi,[Samsung][WCL][NB8532A][Intel AX211]Unit cannot be ping when in MS status,Connectivity,Sensing,Connectivity,0.3942
weekly_labels_20260523_145957.csv,WiFi,[Samsung][WCL][NB8532A][Intel AX211]Unit cannot be ping when in MS status,Connectivity,Sensing,Connectivity,0.3942
weekly_labels_20260523_150056.csv,WiFi,[Samsung][WCL][NB8532A][Intel AX211]Unit cannot be ping when in MS status,Connectivity,Sensing,Connectivity,0.3942
weekly_labels_20260525_100744.csv,WiFi,[Samsung][WCL][NB8532A][Intel AX211]Unit cannot be ping when in MS status,Connectivity,Sensing,Connectivity,0.3942
bt_software_piece_06_of_07_Matt.csv,bt,ABS - 0x139_a_GUARD_ICALL_CHECK_FAILURE_ibtpci!WlanInterfaceDereference While Device Not in Use,BSOD,BSOD,BSOD,0.3945
wifi_tools_piece_06_of_07_Zhiqiang (2).csv,wifi,The system is connected to a Wireless Display TV and the video playback is stuck or Screen freezes,P2P,YB/Lost,P2P,0.3961
bt_software_piece_06_of_07_Matt.csv,bt,PC scan phone slowly with 100% duty,Performance,Performance,Performance,0.3964
weekly_labels_20260501_170001.csv,wifi,Mobile hotspot cannot be opened when selecting 5GHz band,Connectivity,Connectivity,Connectivity,0.3973
weekly_labels_20260529_170002.csv,WiFi,Modern Standby - Intel RST VMD and Wi-Fi 7 BE211 Remain Active During S0ix,Performance,P2P,Performance,0.3978
weekly_labels_20260530_145717.csv,WiFi,Modern Standby - Intel RST VMD and Wi-Fi 7 BE211 Remain Active During S0ix,Performance,P2P,Performance,0.3978
wifi_tools_piece_01_of_07_Timdaway.csv,wifi,WLAN YB appeared upon startup after shutting down and leaving it for 1 hour in the chamber(0 degrees Celsius).(F/R: 1/24 units),YB/Lost,YB/Lost,YB/Lost,0.3985
wifi_tools_piece_04_of_07_KJ (2).csv,wifi,BE211 conductive T-PUT Rx is unexpected.,Performance,RF,Performance,0.4003
weekly_labels_20260425_151911.csv,BT,[HP/Cashmere/RVP][PTL/OOB 26581/WHP] Three BT headsets BT PAS enable successful with issue symptom (3rd classic sometime show disconnected state),Connectivity,Connectivity,Connectivity,0.4005
weekly_labels_20260425_154714.csv,BT,[HP/Cashmere/RVP][PTL/OOB 26581/WHP] Three BT headsets BT PAS enable successful with issue symptom (3rd classic sometime show disconnected state),Connectivity,Connectivity,Connectivity,0.4005
weekly_labels_20260425_162335.csv,BT,[HP/Cashmere/RVP][PTL/OOB 26581/WHP] Three BT headsets BT PAS enable successful with issue symptom (3rd classic sometime show disconnected state),Connectivity,Connectivity,Connectivity,0.4005
weekly_labels_20260425_165309.csv,BT,[HP/Cashmere/RVP][PTL/OOB 26581/WHP] Three BT headsets BT PAS enable successful with issue symptom (3rd classic sometime show disconnected state),Connectivity,Connectivity,Connectivity,0.4005
bt_software_piece_06_of_07_Matt.csv,bt,The mouse quickly paired failed,Connectivity,Connectivity,Connectivity,0.4011
bt_software_piece_03_of_07_Steven.csv,software,"[NEC][LCFC][Citron3_VP][25H2][ICPS]ID0(Child process [10672 - IDBWM.exe] finished with 255) and ID7034(Intel Dynamic Bandwidth Management Service) shows up while running FSU long run test.[FR: 4/250,1.6%][1/1 Units]",ICPS,ICPS,ICPS,0.4017
wifi_tools_piece_04_of_07_KJ (2).csv,wifi,WiFi-PPAG power increase is limited,UEFI,Power Consumption,UEFI,0.4048
weekly_labels_20260425_151911.csv,WiFi,"[LG][HQ][14U40V][WCL]The units mobile hotspot does not have a Security type option on the Edit Network Info screen.(FR: 2/2 units, 4/4 times)",Connectivity,Connectivity,Connectivity,0.4065
weekly_labels_20260425_154714.csv,WiFi,"[LG][HQ][14U40V][WCL]The units mobile hotspot does not have a Security type option on the Edit Network Info screen.(FR: 2/2 units, 4/4 times)",Connectivity,Connectivity,Connectivity,0.4065
weekly_labels_20260425_162335.csv,WiFi,"[LG][HQ][14U40V][WCL]The units mobile hotspot does not have a Security type option on the Edit Network Info screen.(FR: 2/2 units, 4/4 times)",Connectivity,Connectivity,Connectivity,0.4065
weekly_labels_20260425_165309.csv,WiFi,"[LG][HQ][14U40V][WCL]The units mobile hotspot does not have a Security type option on the Edit Network Info screen.(FR: 2/2 units, 4/4 times)",Connectivity,Connectivity,Connectivity,0.4065
wifi_tools_piece_01_of_07_Timdaway.csv,wifi,WiFi throughput degrades after upgrading Windows OS,Performance,Connectivity,Performance,0.4069
wifi_tools_piece_07_of_07_Brenton.csv,wifi,WiFi throughput is slow when runnning on battery power with WiFi Sensing Enabled,Performance,Power Consumption,Performance,0.4071
bt_software_piece_06_of_07_Matt.csv,software,The pdb debug file exists in the package UWD\Win64\Drivers\ICPSComponent\Symbols directory,ICPS,ICPS,ICPS,0.4076
weekly_labels_20260425_151911.csv,BT,[Microsoft][PTL/WHP/OOB 26581][PAS] Bluetooth crash and LE earbuds disconnect when enabling Audio Sharing (PAS) on Panther Lake,Connectivity,Connectivity,Connectivity,0.4079
weekly_labels_20260425_154714.csv,BT,[Microsoft][PTL/WHP/OOB 26581][PAS] Bluetooth crash and LE earbuds disconnect when enabling Audio Sharing (PAS) on Panther Lake,Connectivity,Connectivity,Connectivity,0.4079
weekly_labels_20260425_162335.csv,BT,[Microsoft][PTL/WHP/OOB 26581][PAS] Bluetooth crash and LE earbuds disconnect when enabling Audio Sharing (PAS) on Panther Lake,Connectivity,Connectivity,Connectivity,0.4079
weekly_labels_20260425_165309.csv,BT,[Microsoft][PTL/WHP/OOB 26581][PAS] Bluetooth crash and LE earbuds disconnect when enabling Audio Sharing (PAS) on Panther Lake,Connectivity,Connectivity,Connectivity,0.4079
bt_software_piece_01_of_07_Bingyue (2).csv,bt,"Bluetooths microphone can not be recognized in Sound -> Recording device, and can not be recognized in Sound Recorder APP. (FR:1/3 units, 100% failed with that failed unit.)",Connectivity,Connectivity,Connectivity,0.4084
wifi_tools_piece_03_of_07_FrankLee.csv,wifi,[Dell][RPLS][CSLP][Widowmaker MLK][WW18]observed Driver log errors pointing Wi-Fi Driver during S4 and S5 cycling [fw assert0x315],YB/Lost,YB/Lost,YB/Lost,0.4088
bt_software_piece_01_of_07_Bingyue (2).csv,bt,"HLK-Bluetooth - HciExtension1 (Bring Up) fails with Reserved flags (0xffffffffffffff80) are set by the radio, they should be zeroed out.",HLK,BSOD,HLK,0.4091
bt_software_piece_03_of_07_Steven.csv,bt,PC scan automotive slowly by 100% duty cycle,Performance,Performance,Performance,0.4098
bt_software_piece_02_of_07_Juan.csv,bt,"Unplugged AC adapter, found the sound will obviously lag about 2~4s.",Performance,Performance,Performance,0.4104
bt_software_piece_06_of_07_Matt.csv,bt,The sound has caton murmur when DUT play music with a bluetooth speaker,Connectivity,Connectivity,Connectivity,0.4104
wifi_tools_piece_07_of_07_Brenton.csv,wifi,"9462(TA-J88400-007) WLAN YB(100%) on ICL/TGL platform, while no issue with 9462(TA-J88400-006)",YB/Lost,YB/Lost,YB/Lost,0.4105
bt_software_piece_07_of_07_Yuwei (2).csv,bt,aging S4 TEST_BT Lost issue - NO_SUCH_DEVICE,YB/Lost,Connectivity,YB/Lost,0.4106
wifi_tools_piece_02_of_07_Frankyang (2).csv,wifi,TPT degration on end customer site.,Performance,Performance,Performance,0.4137
bt_software_piece_01_of_07_Bingyue (2).csv,bt,BSOD occurs when connect a mobile hotspot by bluetooth with ACPI SDEV table enabled.,BSOD,BSOD,BSOD,0.4175
bt_software_piece_03_of_07_Steven.csv,software,SIP124587/840 G10/G11 /win11 23H2 / EY / NA / US PC / Crashing due to an Intel ICPS old and latest driver on website,ICPS,ICPS,ICPS,0.4191
weekly_labels_20260425_151911.csv,BT,[Dell-Roma PTL][WhP2] Athena BT audiooffload test,Connectivity,Connectivity,Connectivity,0.4196
weekly_labels_20260425_154714.csv,BT,[Dell-Roma PTL][WhP2] Athena BT audiooffload test,Connectivity,Connectivity,Connectivity,0.4196
weekly_labels_20260425_162335.csv,BT,[Dell-Roma PTL][WhP2] Athena BT audiooffload test,Connectivity,Connectivity,Connectivity,0.4196
weekly_labels_20260425_165309.csv,BT,[Dell-Roma PTL][WhP2] Athena BT audiooffload test,Connectivity,Connectivity,Connectivity,0.4196
wifi_tools_piece_04_of_07_KJ (2).csv,wifi,P2P Pairing Failure,P2P,Connectivity,P2P,0.4204
weekly_labels_20260425_151911.csv,WiFi,"[Lenovo][Huaqin][PTL-H][BE213][S511_14_16]The Wi-Fi/BT icon disappears for about	one second after clicking the Wi-Fi icon at the bottom right corner of the	switch.(FR:1/3uuts,2/30cycles)",Performance,Sensing,Performance,0.4234
weekly_labels_20260425_154714.csv,WiFi,"[Lenovo][Huaqin][PTL-H][BE213][S511_14_16]The Wi-Fi/BT icon disappears for about	one second after clicking the Wi-Fi icon at the bottom right corner of the	switch.(FR:1/3uuts,2/30cycles)",Performance,Sensing,Performance,0.4234
weekly_labels_20260425_162335.csv,WiFi,"[Lenovo][Huaqin][PTL-H][BE213][S511_14_16]The Wi-Fi/BT icon disappears for about	one second after clicking the Wi-Fi icon at the bottom right corner of the	switch.(FR:1/3uuts,2/30cycles)",Performance,Sensing,Performance,0.4234
weekly_labels_20260425_165309.csv,WiFi,"[Lenovo][Huaqin][PTL-H][BE213][S511_14_16]The Wi-Fi/BT icon disappears for about	one second after clicking the Wi-Fi icon at the bottom right corner of the	switch.(FR:1/3uuts,2/30cycles)",Performance,Sensing,Performance,0.4234
wifi_tools_piece_03_of_07_FrankLee.csv,tools,WRT can not function for Killer Module,OEM Tools,Killer,OEM Tools,0.4258
bt_software_piece_07_of_07_Yuwei (2).csv,bt,"When switch on and off Bluetooth Button repeatedly from the operation center, the BT button sometime is not working. At the same time, there is 0x9f BSOD when reboot the PC.",BSOD,BSOD,BSOD,0.4271
wifi_tools_piece_04_of_07_KJ (2).csv,wifi,Miracast use CH165 which is not supported by the TV,P2P,Connectivity,P2P,0.4290
wifi_tools_piece_01_of_07_Timdaway.csv,wifi,"System crashed in CS/AH. The BugCheckCode is ""7E""",BSOD,BSOD,BSOD,0.4292
wifi_tools_piece_06_of_07_Zhiqiang (2).csv,wifi,WD NMI (0x34) - interrupts were not called for 200 ms,BSOD,BSOD,YB/Lost,0.4297
wifi_tools_piece_02_of_07_Frankyang (2).csv,tools,IWFT enters non-functional state for long run with WiFi Disabled,OEM Tools,Connectivity,OEM Tools,0.4305
wifi_tools_piece_07_of_07_Brenton.csv,wifi,"FATAL_ERROR: uCode ASSERT(UMAC, rtStatus = 0x20101058, log is valid. data1 = 0xb, data2 = 0x0)",YB/Lost,YB/Lost,YB/Lost,0.4353
bt_software_piece_01_of_07_Bingyue (2).csv,software,":Event ID 7023 The Intel Connectivity Service service terminated"" happensduring Restart test",ICPS,Killer,ICPS,0.4364
wifi_tools_piece_03_of_07_FrankLee.csv,wifi,WLAN card AX201 test CITU tool would have 0x31B Assert,YB/Lost,YB/Lost,YB/Lost,0.4379
wifi_tools_piece_06_of_07_Zhiqiang (2).csv,wifi,PAD mouse operate lag from PAD to PC move after PC and Pad multi-screen synergy through Huawei Butler(HUAWEI PC manager),P2P,Performance,P2P,0.4379
bt_software_piece_07_of_07_Yuwei (2).csv,software,"- ""Connected Network Change"" Event isnt triggered upon actual Wi-Fi link-loss",ICPS,Killer,ICPS,0.4407
weekly_labels_20260508_230403.csv,BT,"[NEC][LCFC][PTL[Yukimura-IP][25H2][SIT][BE211]Under S0 with a Bluetooth headset connected and running 1080P, the PHM log shows that C10 does not reach 50%.FR: 9/10Cycles",Power Consumption,Connectivity,Power Consumption,0.4410
wifi_tools_piece_01_of_07_Timdaway.csv,wifi,Cannot detect User SPD when lean back sitting,Sensing,Connectivity,Sensing,0.4413
weekly_labels_20260529_170002.csv,WiFi,[Lenovo-IdeaPad][LNL][QIXIA][win11][FVT][FmP][S790_15_LNL_FVT_HF_stress]WiFI 11ac throughput cannot pass lenovo spec,Performance,Performance,Performance,0.4418
weekly_labels_20260530_145717.csv,WiFi,[Lenovo-IdeaPad][LNL][QIXIA][win11][FVT][FmP][S790_15_LNL_FVT_HF_stress]WiFI 11ac throughput cannot pass lenovo spec,Performance,Performance,Performance,0.4418
bt_software_piece_02_of_07_Juan.csv,software,High traffic notification does not trigger naturally without a reset,ICPS,Killer,ICPS,0.4440
wifi_tools_piece_02_of_07_Frankyang (2).csv,wifi,WiFi was disconnected as resuming from modem standby.,Power Consumption,Connectivity,Power Consumption,0.4458
weekly_labels_20260508_230403.csv,wifi,Restricted mode long reconnection time after resume from sleep,Connectivity,Power Consumption,Power Consumption,0.4465
weekly_labels_20260515_170001.csv,wifi,Restricted mode long reconnection time after resume from sleep,Connectivity,Power Consumption,Connectivity,0.4465
weekly_labels_20260515_170001.csv,wifi,Restricted mode long reconnection time after resume from sleep,Connectivity,Power Consumption,Connectivity,0.4465
weekly_labels_20260522_183733.csv,wifi,Restricted mode long reconnection time after resume from sleep,Connectivity,Power Consumption,Connectivity,0.4465
weekly_labels_20260522_183733.csv,wifi,Restricted mode long reconnection time after resume from sleep,Connectivity,Power Consumption,Connectivity,0.4465
weekly_labels_20260522_183733.csv,wifi,Restricted mode long reconnection time after resume from sleep,Connectivity,Power Consumption,Connectivity,0.4465
weekly_labels_20260522_183733.csv,wifi,Restricted mode long reconnection time after resume from sleep,Connectivity,Power Consumption,Connectivity,0.4465
weekly_labels_20260523_143606.csv,wifi,Restricted mode long reconnection time after resume from sleep,Connectivity,Power Consumption,Connectivity,0.4465
weekly_labels_20260523_143606.csv,wifi,Restricted mode long reconnection time after resume from sleep,Connectivity,Power Consumption,Connectivity,0.4465
weekly_labels_20260523_143606.csv,wifi,Restricted mode long reconnection time after resume from sleep,Connectivity,Power Consumption,Connectivity,0.4465
weekly_labels_20260523_143606.csv,wifi,Restricted mode long reconnection time after resume from sleep,Connectivity,Power Consumption,Connectivity,0.4465
weekly_labels_20260523_143640.csv,wifi,Restricted mode long reconnection time after resume from sleep,Connectivity,Power Consumption,Connectivity,0.4465
weekly_labels_20260523_143640.csv,wifi,Restricted mode long reconnection time after resume from sleep,Connectivity,Power Consumption,Connectivity,0.4465
weekly_labels_20260523_143640.csv,wifi,Restricted mode long reconnection time after resume from sleep,Connectivity,Power Consumption,Connectivity,0.4465
weekly_labels_20260523_143640.csv,wifi,Restricted mode long reconnection time after resume from sleep,Connectivity,Power Consumption,Connectivity,0.4465
weekly_labels_20260523_145957.csv,wifi,Restricted mode long reconnection time after resume from sleep,Connectivity,Power Consumption,Connectivity,0.4465
weekly_labels_20260523_145957.csv,wifi,Restricted mode long reconnection time after resume from sleep,Connectivity,Power Consumption,Connectivity,0.4465
weekly_labels_20260523_145957.csv,wifi,Restricted mode long reconnection time after resume from sleep,Connectivity,Power Consumption,Connectivity,0.4465
weekly_labels_20260523_145957.csv,wifi,Restricted mode long reconnection time after resume from sleep,Connectivity,Power Consumption,Connectivity,0.4465
weekly_labels_20260523_150056.csv,wifi,Restricted mode long reconnection time after resume from sleep,Connectivity,Power Consumption,Connectivity,0.4465
weekly_labels_20260523_150056.csv,wifi,Restricted mode long reconnection time after resume from sleep,Connectivity,Power Consumption,Connectivity,0.4465
weekly_labels_20260523_150056.csv,wifi,Restricted mode long reconnection time after resume from sleep,Connectivity,Power Consumption,Connectivity,0.4465
weekly_labels_20260523_150056.csv,wifi,Restricted mode long reconnection time after resume from sleep,Connectivity,Power Consumption,Connectivity,0.4465
weekly_labels_20260525_100744.csv,wifi,Restricted mode long reconnection time after resume from sleep,Connectivity,Power Consumption,Connectivity,0.4465
weekly_labels_20260525_100744.csv,wifi,Restricted mode long reconnection time after resume from sleep,Connectivity,Power Consumption,Connectivity,0.4465
weekly_labels_20260525_100744.csv,wifi,Restricted mode long reconnection time after resume from sleep,Connectivity,Power Consumption,Connectivity,0.4465
weekly_labels_20260525_100744.csv,wifi,Restricted mode long reconnection time after resume from sleep,Connectivity,Power Consumption,Connectivity,0.4465
wifi_tools_piece_01_of_07_Timdaway.csv,wifi,Restricted mode long reconnection time after resume from sleep,Connectivity,Power Consumption,Connectivity,0.4465
weekly_labels_20260529_170002.csv,BT,[Xiaomi][PTL][AX211] Connecting a PC to a mobile phone via BLE takes a long time,Connectivity,Connectivity,Connectivity,0.4469
weekly_labels_20260530_145717.csv,BT,[Xiaomi][PTL][AX211] Connecting a PC to a mobile phone via BLE takes a long time,Connectivity,Connectivity,Connectivity,0.4469
bt_software_piece_04_of_07_Wesley.csv,bt,Unnecessary BT LE Sideband device and YB,YB/Lost,RF,YB/Lost,0.4479
bt_software_piece_07_of_07_Yuwei (2).csv,software,: Passcode incorrect will be shown when connect Wifi with correct passcode,ICPS,Killer,ICPS,0.4480
wifi_tools_piece_04_of_07_KJ (2).csv,wifi,unable to create GO on 5G bandwidth low frequency channels,P2P,Performance,P2P,0.4481
bt_software_piece_03_of_07_Steven.csv,software,"- Bluetooth tab is presenting ""Connect"" button instead of ""Add a device"" when a device is already connected",ICPS,Killer,ICPS,0.4487
weekly_labels_20260501_170001.csv,wifi,TyP2 6GHz output power 2-5dBm drop on conductive test (3/19 and 4/16),Power Consumption,Power Consumption,RF,0.4488
weekly_labels_20260508_230403.csv,wifi,TyP2 6GHz output power 2-5dBm drop on conductive test (3/19 and 4/16),Power Consumption,Power Consumption,Performance,0.4488
weekly_labels_20260515_170001.csv,wifi,TyP2 6GHz output power 2-5dBm drop on conductive test (3/19 and 4/16),Power Consumption,Power Consumption,Performance,0.4488
weekly_labels_20260515_170001.csv,wifi,TyP2 6GHz output power 2-5dBm drop on conductive test (3/19 and 4/16),Power Consumption,Power Consumption,Performance,0.4488
weekly_labels_20260522_183733.csv,wifi,TyP2 6GHz output power 2-5dBm drop on conductive test (3/19 and 4/16),Power Consumption,Power Consumption,Power Consumption,0.4488
weekly_labels_20260522_183733.csv,wifi,TyP2 6GHz output power 2-5dBm drop on conductive test (3/19 and 4/16),Power Consumption,Power Consumption,Performance,0.4488
weekly_labels_20260523_143606.csv,wifi,TyP2 6GHz output power 2-5dBm drop on conductive test (3/19 and 4/16),Power Consumption,Power Consumption,Power Consumption,0.4488
weekly_labels_20260523_143606.csv,wifi,TyP2 6GHz output power 2-5dBm drop on conductive test (3/19 and 4/16),Power Consumption,Power Consumption,Performance,0.4488
weekly_labels_20260523_143640.csv,wifi,TyP2 6GHz output power 2-5dBm drop on conductive test (3/19 and 4/16),Power Consumption,Power Consumption,Power Consumption,0.4488
weekly_labels_20260523_143640.csv,wifi,TyP2 6GHz output power 2-5dBm drop on conductive test (3/19 and 4/16),Power Consumption,Power Consumption,Performance,0.4488
weekly_labels_20260523_145957.csv,wifi,TyP2 6GHz output power 2-5dBm drop on conductive test (3/19 and 4/16),Power Consumption,Power Consumption,Power Consumption,0.4488
weekly_labels_20260523_145957.csv,wifi,TyP2 6GHz output power 2-5dBm drop on conductive test (3/19 and 4/16),Power Consumption,Power Consumption,Performance,0.4488
weekly_labels_20260523_150056.csv,wifi,TyP2 6GHz output power 2-5dBm drop on conductive test (3/19 and 4/16),Power Consumption,Power Consumption,Power Consumption,0.4488
weekly_labels_20260523_150056.csv,wifi,TyP2 6GHz output power 2-5dBm drop on conductive test (3/19 and 4/16),Power Consumption,Power Consumption,Performance,0.4488
weekly_labels_20260525_100744.csv,wifi,TyP2 6GHz output power 2-5dBm drop on conductive test (3/19 and 4/16),Power Consumption,Power Consumption,Power Consumption,0.4488
weekly_labels_20260525_100744.csv,wifi,TyP2 6GHz output power 2-5dBm drop on conductive test (3/19 and 4/16),Power Consumption,Power Consumption,Performance,0.4488
wifi_tools_piece_03_of_07_FrankLee.csv,wifi,TyP2 6GHz output power 2-5dBm drop on conductive test (3/19 and 4/16),Power Consumption,Power Consumption,RF,0.4488
wifi_tools_piece_01_of_07_Timdaway.csv,wifi,5010 Netwaw16 WiFi errors observed during GT(eDP) random mountain test -- 0x2ca5,YB/Lost,YB/Lost,YB/Lost,0.4494
bt_software_piece_01_of_07_Bingyue (2).csv,bt,System found the BSOD 0x7F when run the HLK : System - PNP (disable and enable) with IO Before and After (Reliability) test failed due to unexpected reboot.(FR: 2/3),BSOD,BSOD,BSOD,0.4496
weekly_labels_20260529_170002.csv,WiFi,"[Huawei][Quanta][Euler][CML-U][AX201][WLAN][19H2]PC and Cell use hishare to transfer file, the throughput lower than 11 MBps(MCC is JP)",Performance,Performance,Performance,0.4497
weekly_labels_20260530_145717.csv,WiFi,"[Huawei][Quanta][Euler][CML-U][AX201][WLAN][19H2]PC and Cell use hishare to transfer file, the throughput lower than 11 MBps(MCC is JP)",Performance,Performance,Performance,0.4497
