Issue key,Referenced Issue,Reason
WIFI-628009,DCR-3171,Referenced issue not found in master CSV
WIFI-422775,WIFI-417459,Referenced issue not found in master CSV
WIFI-358645,TOP-1314,Referenced issue not found in master CSV
WIFI-294189,WIFI-282405,Referenced issue not found in master CSV
WIFI-134765,WIFI-118863,Referenced issue not found in master CSV
BT-358385,BT-313952,Referenced issue not found in master CSV
BT-271615,DCR-2705,Referenced issue not found in master CSV
BT-186086,BT-179325,Referenced issue not found in master CSV
BT-183232,BT-180465,Referenced issue not found in master CSV
BT-163505,BT-148273,Referenced issue not found in master CSV
BT-37632,BT-37453,Referenced issue not found in master CSV
