ips_case_number,customer,suggested_customer,reason,ips_customer_name,ips_oem,ips_created_date,ips_title
903676,GETAC,,non_canonical_customer_no_title_brand,GETAC TECHNOLOGY CORPORATION,Getac,2024-08-20 04:18:02,Bluetooth LE Audio Offload function cannot remain functional after re-connected
900133,GETAC,,non_canonical_customer_no_title_brand,GETAC TECHNOLOGY CORPORATION,Other - OEM,2024-08-02 08:14:30,BE200 band issue in China
868987,GETAC,,non_canonical_customer_no_title_brand,GETAC TECHNOLOGY CORPORATION,Getac,2024-03-14 03:52:40,Any more headphones can support BLE?
853688,OTHER - OEM,,non_canonical_customer_no_title_brand,AIstone,Other - OEM,2023-12-29 09:00:30,[TONGFANG][Meteor Lake H][GX] Bluetooth disconnected after resume from S4
853647,OTHER - OEM,,non_canonical_customer_no_title_brand,"COMPAL ELECTRONICS, INC.",Other - OEM,2023-12-29 07:01:37,BE200 + Meteor Lake T-put issue
853642,OTHER - OEM,,non_canonical_customer_no_title_brand,"COMPAL ELECTRONICS, INC.",Other - OEM,2023-12-29 06:54:50,BE200 + Meteor Lake T-put issue
853638,OTHER - OEM,,non_canonical_customer_no_title_brand,"COMPAL ELECTRONICS, INC.",Other - OEM,2023-12-29 06:38:27,BE200 + Meteor Lake T-put issue
853465,HAIER,,non_canonical_customer_no_title_brand,QUANTA COMPUTER INC.,Haier,2023-12-28 06:07:31,"[Quanta][Haier][Casper][BE202][NLZG_NLZF_NLY]Intel BE202 when run S4 stress , BT device lost"
851316,OTHER - OEM,,non_canonical_customer_no_title_brand,IPS Test Account 3,Other - OEM,2023-12-18 08:02:57,Test Purpose Please Ignore 2 - WCS - JIRA BT - Mule 3 to mule 4 upgrade
851311,HAIER,,non_canonical_customer_no_title_brand,IPS Test Account 3,Haier,2023-12-18 07:55:01,Test Purpose Please Ignore - WCS - JIRA BT - Mule 3 to mule 4 upgrade
847199,OTHER - OEM,,non_canonical_customer_no_title_brand,ELITEGROUP COMPUTER SYSTEMS CO. LTD,Other - OEM,2023-11-29 08:54:44,WLAN Dynamic SAR method for AX201 and AX211 network cards with ISH control
841081,OTHER - OEM,,non_canonical_customer_no_title_brand,"COMPAL ELECTRONICS, INC.",Other - OEM,2023-11-02 02:21:48,[Compal][JQX50][LNL Platform]WLAN sometimes yellow bang & BT could detect devices but could not connect
830553,BYD COMPANY LIMITED,,non_canonical_customer_no_title_brand,BYD COMPANY LIMITED,BYD COMPANY LIMITED,2023-09-13 19:49:00,BYD-S10-RPL-HX-REFRESH-QS-IOMT issue
822680,HAIER,,non_canonical_customer_no_title_brand,IPS Test Account 3,Haier,2023-08-12 05:39:52,Testing Purpose - Please Ignore - JIRA
821165,QUANTA COMPUTER INC.,,non_canonical_customer_no_title_brand,QUANTA COMPUTER INC.,QUANTA COMPUTER INC.,2023-08-06 23:24:00,[EQB_MTH][ZPZ] CITU program test
820972,OTHER - OEM,,non_canonical_customer_no_title_brand,BYD COMPANY LIMITED,Other - OEM,2023-08-04 09:29:33,N16PR1 can not find wifi list sometimes
818417,OTHER - OEM,,non_canonical_customer_no_title_brand,Positivo Tecnologia SA,Other - OEM,2023-07-24 09:28:10,RPL MDA log fail for Intel Audio Driver
812257,QUANTA COMPUTER INC.,,non_canonical_customer_no_title_brand,QUANTA COMPUTER INC.,QUANTA COMPUTER INC.,2023-06-27 00:31:00,[RPL-H][Sportage_RTH][OS:22621] widi will auto disconnect within 5 seconds when resume from S3/S4/S5
805472,OTHER - OEM,,non_canonical_customer_no_title_brand,"SHENZHEN EMDOOR ELECTRONIC TECHNOLOGY CO., LTD.",Other - OEM,2023-05-24 08:58:38,"[Emdoor][BT] On/off Bluetooth, the LED light of the Bluetooth function does not work in the linux os"
805167,OTHER - OEM,,non_canonical_customer_no_title_brand,"Unicompute Technology Co,. Ltd.",Other - OEM,2023-05-23 08:50:50,[unis][win11][TSH G2][RPLP]AX201 WIFI show yellow mark when the test uut run warmboot/coldboot stress test
800497,OTHER - OEM,,non_canonical_customer_no_title_brand,"COMPAL ELECTRONICS, INC.",Other - OEM,2023-05-02 01:27:47,BE200 connect to Wi-Fi 6E
795778,OTHER - OEM,,non_canonical_customer_no_title_brand,"Unicompute Technology Co,. Ltd.",Other - OEM,2023-04-11 03:28:06,[Unis][Win10][RPL-P]ICPS preinstall package return 15613 error in the first time
793097,MITAC,,non_canonical_customer_no_title_brand,MiTAC Digital Technology,NA,2023-03-27 05:27:33,"[Pictor]Base of case #00784859, please share development on PIE SDK that support"
792875,GETAC,,non_canonical_customer_no_title_brand,GETAC TECHNOLOGY CORPORATION,Getac,2023-03-24 08:06:12,Ax211 BT throughput Tx/Rx performance is low
792146,OTHER - OEM,,non_canonical_customer_no_title_brand,SHENZHEN IP3 CENTRY INTELLIGENT TECHNOLO,Other - OEM,2023-03-21 12:12:36,WIFI AX101 cannot detect on JB3B with ubuntu OS
792037,OTHER - OEM,,non_canonical_customer_no_title_brand,"SHENZHEN EMDOOR ELECTRONIC TECHNOLOGY CO., LTD.",Other - OEM,2023-03-21 06:52:36,[Emoor][Infinix][AX101] 
788298,OTHER - OEM,,non_canonical_customer_no_title_brand,Uniwill Technology Inc.,Other - OEM,2023-03-03 09:24:48,AX211 UHB EU enable issue
785867,OTHER - OEM,,non_canonical_customer_no_title_brand,Positivo Tecnologia SA,Other - OEM,2023-02-20 08:44:45,Intel EMA setup
784785,OTHER - OEM,,non_canonical_customer_no_title_brand,AIstone,Other - OEM,2023-02-14 08:15:41,Intel Wireless AX211 and AX201 Card Bluetooth SAR BR Table issue
784551,WISTRON CORPORATION,,non_canonical_customer_no_title_brand,WISTRON CORPORATION,WISTRON CORPORATION,2023-02-13 01:12:00,[Thinkpad L13-G3][DOA][AX201]wifi disconnected randomly in customer environment
783428,PEGATRON CORPORATION,,non_canonical_customer_no_title_brand,Pegatron Corporation,Pegatron Corporation,2023-02-07 19:38:00,[HB] 22.200 DRTU Tool Issue for RPL SoC + AX211 module
782584,QUANTA COMPUTER INC.,,non_canonical_customer_no_title_brand,QUANTA COMPUTER INC.,QUANTA COMPUTER INC.,2023-02-03 03:10:00,Intel 1690i network card cannot connect to two networks at the same time
781722,QUANTA COMPUTER INC.,,non_canonical_customer_no_title_brand,QUANTA COMPUTER INC.,QUANTA COMPUTER INC.,2023-01-31 23:15:00,[MSFT][V81B][HrP2] Host PC unable to remote control the device by using DRTU22.200 command
781584,WISTRON CORPORATION,,non_canonical_customer_no_title_brand,WISTRON CORPORATION,WISTRON CORPORATION,2023-01-31 19:28:00,[Thinkpad][Fenrir2][RPL][AX201]Screen glitch / lag when project smartphone to PC
780985,QUANTA COMPUTER INC.,,non_canonical_customer_no_title_brand,QUANTA COMPUTER INC.,QUANTA COMPUTER INC.,2023-01-30 01:47:00,[MSFT][V81B][AX201] Ack Power exceed SAR limit question
778894,PEGATRON CORPORATION,,non_canonical_customer_no_title_brand,Pegatron Corporation,Pegatron Corporation,2023-01-16 18:39:00,Wireless AX211 WHQL issue
778703,QUANTA COMPUTER INC.,,non_canonical_customer_no_title_brand,QUANTA COMPUTER INC.,QUANTA COMPUTER INC.,2023-01-15 23:02:00,[MSFT Quanta Z96] Unable to project to external monitor via wireless display
776788,PEGATRON CORPORATION,,non_canonical_customer_no_title_brand,Pegatron Corporation,Pegatron Corporation,2023-01-06 19:08:00,[MSFT/Elmer][Typ2 COB] The EVM failure rate is high for factory test
774825,"COMPAL ELECTRONICS, INC.",,non_canonical_customer_no_title_brand,NA,"COMPAL ELECTRONICS, INC.",2022-12-27 18:31:00,[Compal] WHQL_SleepIO_the format of the specified network name is invalid
774825,"COMPAL ELECTRONICS, INC.",,non_canonical_customer_no_title_brand,NA,"COMPAL ELECTRONICS, INC.",2022-12-27 18:31:00,[Compal] WHQL_SleepIO_the format of the specified network name is invalid
774825,"COMPAL ELECTRONICS, INC.",,non_canonical_customer_no_title_brand,NA,"COMPAL ELECTRONICS, INC.",2022-12-27 18:31:00,[Compal] WHQL_SleepIO_the format of the specified network name is invalid
773137,"HUAQIN TECHNOLOGY CO., LTD",,non_canonical_customer_no_title_brand,NA,"Huaqin Technology Co., Ltd",2022-12-19 21:48:00,AX101
773137,"HUAQIN TECHNOLOGY CO., LTD",,non_canonical_customer_no_title_brand,NA,"Huaqin Technology Co., Ltd",2022-12-19 21:48:00,AX101
773137,"HUAQIN TECHNOLOGY CO., LTD",,non_canonical_customer_no_title_brand,NA,"Huaqin Technology Co., Ltd",2022-12-19 21:48:00,AX101
772837,PEGATRON CORPORATION,,non_canonical_customer_no_title_brand,NA,Pegatron Corporation,2022-12-18 22:38:00,[MSFT/Elmer] [TyP2 CoB] Need to improve EVM of Testharness tool
772837,PEGATRON CORPORATION,,non_canonical_customer_no_title_brand,NA,Pegatron Corporation,2022-12-18 22:38:00,[MSFT/Elmer] [TyP2 CoB] Need to improve EVM of Testharness tool
772837,PEGATRON CORPORATION,,non_canonical_customer_no_title_brand,NA,Pegatron Corporation,2022-12-18 22:38:00,[MSFT/Elmer] [TyP2 CoB] Need to improve EVM of Testharness tool
760680,QUANTA COMPUTER INC.,,non_canonical_customer_no_title_brand,NA,QUANTA COMPUTER INC.,2022-12-11 19:32:00,[Win11 SV2][Killer AX1690i:22.170.0] Wake on Wlan from S3/S4 test fail
760680,QUANTA COMPUTER INC.,,non_canonical_customer_no_title_brand,NA,QUANTA COMPUTER INC.,2022-12-11 19:32:00,[Win11 SV2][Killer AX1690i:22.170.0] Wake on Wlan from S3/S4 test fail
760680,QUANTA COMPUTER INC.,,non_canonical_customer_no_title_brand,NA,QUANTA COMPUTER INC.,2022-12-11 19:32:00,[Win11 SV2][Killer AX1690i:22.170.0] Wake on Wlan from S3/S4 test fail
760493,"COMPAL ELECTRONICS, INC.",,non_canonical_customer_no_title_brand,"COMPAL ELECTRONICS, INC.","COMPAL ELECTRONICS, INC.",2022-12-09 01:22:00,[Framework]BSOD issue when enable SAR table
759606,DYNABOOK INC.,,non_canonical_customer_no_title_brand,NA,Dynabook Inc.,2022-12-06 19:01:00,[Dynabook][ICPS]BSOD happens when set Manually Configure Connection settings
759606,DYNABOOK INC.,,non_canonical_customer_no_title_brand,NA,Dynabook Inc.,2022-12-06 19:01:00,[Dynabook][ICPS]BSOD happens when set Manually Configure Connection settings
759606,DYNABOOK INC.,,non_canonical_customer_no_title_brand,NA,Dynabook Inc.,2022-12-06 19:01:00,[Dynabook][ICPS]BSOD happens when set Manually Configure Connection settings
758299,"COMPAL ELECTRONICS, INC.",,non_canonical_customer_no_title_brand,NA,"COMPAL ELECTRONICS, INC.",2022-12-01 01:03:00,TAS status always suspended
758299,"COMPAL ELECTRONICS, INC.",,non_canonical_customer_no_title_brand,NA,"COMPAL ELECTRONICS, INC.",2022-12-01 01:03:00,TAS status always suspended
758299,"COMPAL ELECTRONICS, INC.",,non_canonical_customer_no_title_brand,NA,"COMPAL ELECTRONICS, INC.",2022-12-01 01:03:00,TAS status always suspended
756861,"COMPAL ELECTRONICS, INC.",,non_canonical_customer_no_title_brand,NA,"COMPAL ELECTRONICS, INC.",2022-11-25 01:15:00,[TGL][compal][Montreux14 Latitude 7420] - IP address order on Dns.GetHostAddresses methodlutions.
756861,"COMPAL ELECTRONICS, INC.",,non_canonical_customer_no_title_brand,NA,"COMPAL ELECTRONICS, INC.",2022-11-25 01:15:00,[TGL][compal][Montreux14 Latitude 7420] - IP address order on Dns.GetHostAddresses methodlutions.
756861,"COMPAL ELECTRONICS, INC.",,non_canonical_customer_no_title_brand,NA,"COMPAL ELECTRONICS, INC.",2022-11-25 01:15:00,[TGL][compal][Montreux14 Latitude 7420] - IP address order on Dns.GetHostAddresses methodlutions.
754919,DYNABOOK INC.,,non_canonical_customer_no_title_brand,NA,Dynabook Inc.,2022-11-17 21:46:00,[Dynabook]The contrast colors for some buttons have no change after enabling High Contrast
754919,DYNABOOK INC.,,non_canonical_customer_no_title_brand,NA,Dynabook Inc.,2022-11-17 21:46:00,[Dynabook]The contrast colors for some buttons have no change after enabling High Contrast
754919,DYNABOOK INC.,,non_canonical_customer_no_title_brand,NA,Dynabook Inc.,2022-11-17 21:46:00,[Dynabook]The contrast colors for some buttons have no change after enabling High Contrast
753373,"SHENZHEN EMDOOR ELECTRONIC TECHNOLOGY CO., LTD.",,non_canonical_customer_no_title_brand,NA,"SHENZHEN EMDOOR ELECTRONIC TECHNOLOGY CO., LTD.",2022-11-13 18:41:00,Intel AC3165 ??????WIFI????????SSID
753373,"SHENZHEN EMDOOR ELECTRONIC TECHNOLOGY CO., LTD.",,non_canonical_customer_no_title_brand,NA,"SHENZHEN EMDOOR ELECTRONIC TECHNOLOGY CO., LTD.",2022-11-13 18:41:00,Intel AC3165 ??????WIFI????????SSID
753373,"SHENZHEN EMDOOR ELECTRONIC TECHNOLOGY CO., LTD.",,non_canonical_customer_no_title_brand,NA,"SHENZHEN EMDOOR ELECTRONIC TECHNOLOGY CO., LTD.",2022-11-13 18:41:00,Intel AC3165 ??????WIFI????????SSID
750959,QUANTA COMPUTER INC.,,non_canonical_customer_no_title_brand,NA,QUANTA COMPUTER INC.,2022-11-03 04:33:00,[MSFT/Quanta][Z96][ADL_U15][HrP2 1216]Full boot time higher due to Wireless Bluetooth (R) Filter Driver taking long time
750959,QUANTA COMPUTER INC.,,non_canonical_customer_no_title_brand,NA,QUANTA COMPUTER INC.,2022-11-03 04:33:00,[MSFT/Quanta][Z96][ADL_U15][HrP2 1216]Full boot time higher due to Wireless Bluetooth (R) Filter Driver taking long time
750959,QUANTA COMPUTER INC.,,non_canonical_customer_no_title_brand,NA,QUANTA COMPUTER INC.,2022-11-03 04:33:00,[MSFT/Quanta][Z96][ADL_U15][HrP2 1216]Full boot time higher due to Wireless Bluetooth (R) Filter Driver taking long time
749170,WISTRON CORPORATION,,non_canonical_customer_no_title_brand,NA,WISTRON CORPORATION,2022-10-28 00:19:00,Thinkpad L13 Gen2 + AX201 cannot connect to 40/80MHz WIFI network in Indonesia
749170,WISTRON CORPORATION,,non_canonical_customer_no_title_brand,NA,WISTRON CORPORATION,2022-10-28 00:19:00,Thinkpad L13 Gen2 + AX201 cannot connect to 40/80MHz WIFI network in Indonesia
749170,WISTRON CORPORATION,,non_canonical_customer_no_title_brand,NA,WISTRON CORPORATION,2022-10-28 00:19:00,Thinkpad L13 Gen2 + AX201 cannot connect to 40/80MHz WIFI network in Indonesia
747885,PEGATRON CORPORATION,,non_canonical_customer_no_title_brand,NA,Pegatron Corporation,2022-10-24 22:55:00,[Pegatron][B1402/1502CGA][AlderLake_N] WiFi card can not connect network under BIOS setup
747885,PEGATRON CORPORATION,,non_canonical_customer_no_title_brand,NA,Pegatron Corporation,2022-10-24 22:55:00,[Pegatron][B1402/1502CGA][AlderLake_N] WiFi card can not connect network under BIOS setup
747885,PEGATRON CORPORATION,,non_canonical_customer_no_title_brand,NA,Pegatron Corporation,2022-10-24 22:55:00,[Pegatron][B1402/1502CGA][AlderLake_N] WiFi card can not connect network under BIOS setup
746953,"HUAQIN TECHNOLOGY CO., LTD",,non_canonical_customer_no_title_brand,NA,"Huaqin Technology Co., Ltd",2022-10-20 20:26:00,"[MI][HuaQin][A39S][CcP2] AX200 wifi will be Yellow Bang(code:10) when running coldboot stress test. (FR:1/2 SYS, 1/2000 Cycle)"
746953,"HUAQIN TECHNOLOGY CO., LTD",,non_canonical_customer_no_title_brand,NA,"Huaqin Technology Co., Ltd",2022-10-20 20:26:00,"[MI][HuaQin][A39S][CcP2] AX200 wifi will be Yellow Bang(code:10) when running coldboot stress test. (FR:1/2 SYS, 1/2000 Cycle)"
746953,"HUAQIN TECHNOLOGY CO., LTD",,non_canonical_customer_no_title_brand,NA,"Huaqin Technology Co., Ltd",2022-10-20 20:26:00,"[MI][HuaQin][A39S][CcP2] AX200 wifi will be Yellow Bang(code:10) when running coldboot stress test. (FR:1/2 SYS, 1/2000 Cycle)"
746896,"COMPAL ELECTRONICS, INC.",,non_canonical_customer_no_title_brand,NA,"COMPAL ELECTRONICS, INC.",2022-10-20 18:58:00,[MayaBay] BIOS setting cofirmation for PPAG
746896,"COMPAL ELECTRONICS, INC.",,non_canonical_customer_no_title_brand,NA,"COMPAL ELECTRONICS, INC.",2022-10-20 18:58:00,[MayaBay] BIOS setting cofirmation for PPAG
746896,"COMPAL ELECTRONICS, INC.",,non_canonical_customer_no_title_brand,NA,"COMPAL ELECTRONICS, INC.",2022-10-20 18:58:00,[MayaBay] BIOS setting cofirmation for PPAG
746626,DYNABOOK INC.,,non_canonical_customer_no_title_brand,NA,Dynabook Inc.,2022-10-19 23:27:00,"[Dynabook][ICPS]WiFi/LAN interfaces still works if start streaming video/download task first,then turn off 'auto mode'"
746626,DYNABOOK INC.,,non_canonical_customer_no_title_brand,NA,Dynabook Inc.,2022-10-19 23:27:00,"[Dynabook][ICPS]WiFi/LAN interfaces still works if start streaming video/download task first,then turn off 'auto mode'"
746626,DYNABOOK INC.,,non_canonical_customer_no_title_brand,NA,Dynabook Inc.,2022-10-19 23:27:00,"[Dynabook][ICPS]WiFi/LAN interfaces still works if start streaming video/download task first,then turn off 'auto mode'"
746620,DYNABOOK INC.,,non_canonical_customer_no_title_brand,NA,Dynabook Inc.,2022-10-19 23:17:00,[Dynabook][ICPS]Advanced Connection Manager page disappeared after Install and launch ICPS App
746620,DYNABOOK INC.,,non_canonical_customer_no_title_brand,NA,Dynabook Inc.,2022-10-19 23:17:00,[Dynabook][ICPS]Advanced Connection Manager page disappeared after Install and launch ICPS App
746620,DYNABOOK INC.,,non_canonical_customer_no_title_brand,NA,Dynabook Inc.,2022-10-19 23:17:00,[Dynabook][ICPS]Advanced Connection Manager page disappeared after Install and launch ICPS App
746221,"HUAQIN TECHNOLOGY CO., LTD",,non_canonical_customer_no_title_brand,NA,"Huaqin Technology Co., Ltd",2022-10-18 23:58:00,[Huaqin][Evelyne_ADN][NB6302A]The DM appears AX101 yellow bang when connected to the Bluetooth headset and playing music or run Wireless Display overnight
746221,"HUAQIN TECHNOLOGY CO., LTD",,non_canonical_customer_no_title_brand,NA,"Huaqin Technology Co., Ltd",2022-10-18 23:58:00,[Huaqin][Evelyne_ADN][NB6302A]The DM appears AX101 yellow bang when connected to the Bluetooth headset and playing music or run Wireless Display overnight
746221,"HUAQIN TECHNOLOGY CO., LTD",,non_canonical_customer_no_title_brand,NA,"Huaqin Technology Co., Ltd",2022-10-18 23:58:00,[Huaqin][Evelyne_ADN][NB6302A]The DM appears AX101 yellow bang when connected to the Bluetooth headset and playing music or run Wireless Display overnight
744515,"HUAQIN TECHNOLOGY CO., LTD",,non_canonical_customer_no_title_brand,NA,"Huaqin Technology Co., Ltd",2022-10-12 18:47:00,"[Huaqin][Halzan_ADL_N][NB6302]The DM appears INT9560 wireless yellow Bang, after connecting to WIFI and using USB disk to copy files. (FR:1/6 )"
744515,"HUAQIN TECHNOLOGY CO., LTD",,non_canonical_customer_no_title_brand,NA,"Huaqin Technology Co., Ltd",2022-10-12 18:47:00,"[Huaqin][Halzan_ADL_N][NB6302]The DM appears INT9560 wireless yellow Bang, after connecting to WIFI and using USB disk to copy files. (FR:1/6 )"
744515,"HUAQIN TECHNOLOGY CO., LTD",,non_canonical_customer_no_title_brand,NA,"Huaqin Technology Co., Ltd",2022-10-12 18:47:00,"[Huaqin][Halzan_ADL_N][NB6302]The DM appears INT9560 wireless yellow Bang, after connecting to WIFI and using USB disk to copy files. (FR:1/6 )"
742474,"COMPAL ELECTRONICS, INC.",,non_canonical_customer_no_title_brand,NA,"COMPAL ELECTRONICS, INC.",2022-10-03 20:41:00,Sound output device show hands-free device after resume from Hibernate
742474,"COMPAL ELECTRONICS, INC.",,non_canonical_customer_no_title_brand,NA,"COMPAL ELECTRONICS, INC.",2022-10-03 20:41:00,Sound output device show hands-free device after resume from Hibernate
742474,"COMPAL ELECTRONICS, INC.",,non_canonical_customer_no_title_brand,NA,"COMPAL ELECTRONICS, INC.",2022-10-03 20:41:00,Sound output device show hands-free device after resume from Hibernate
740887,WISTRON CORPORATION,,non_canonical_customer_no_title_brand,NA,WISTRON CORPORATION,2022-09-27 00:28:00,installed WLAN driver and start DRTU BSOD
740887,WISTRON CORPORATION,,non_canonical_customer_no_title_brand,NA,WISTRON CORPORATION,2022-09-27 00:28:00,installed WLAN driver and start DRTU BSOD
740887,WISTRON CORPORATION,,non_canonical_customer_no_title_brand,NA,WISTRON CORPORATION,2022-09-27 00:28:00,installed WLAN driver and start DRTU BSOD
739077,WISTRON CORPORATION,,non_canonical_customer_no_title_brand,NA,WISTRON CORPORATION,2022-09-20 01:50:00,enable UNII4 5.9GHz in the DRTU
739077,WISTRON CORPORATION,,non_canonical_customer_no_title_brand,NA,WISTRON CORPORATION,2022-09-20 01:50:00,enable UNII4 5.9GHz in the DRTU
739077,WISTRON CORPORATION,,non_canonical_customer_no_title_brand,NA,WISTRON CORPORATION,2022-09-20 01:50:00,enable UNII4 5.9GHz in the DRTU
738423,"HUAQIN TECHNOLOGY CO., LTD",,non_canonical_customer_no_title_brand,NA,"Huaqin Technology Co., Ltd",2022-09-17 03:38:00,The Sound output show Headset/Speaker Hands-Free mode .(F/R:30%)
738423,"HUAQIN TECHNOLOGY CO., LTD",,non_canonical_customer_no_title_brand,NA,"Huaqin Technology Co., Ltd",2022-09-17 03:38:00,The Sound output show Headset/Speaker Hands-Free mode .(F/R:30%)
738423,"HUAQIN TECHNOLOGY CO., LTD",,non_canonical_customer_no_title_brand,NA,"Huaqin Technology Co., Ltd",2022-09-17 03:38:00,The Sound output show Headset/Speaker Hands-Free mode .(F/R:30%)
737481,"ALLION TEST LABS, INC.",,non_canonical_customer_no_title_brand,NA,"ALLION TEST LABS, INC.",2022-09-13 22:24:00,"[Kohaku][TyP2]Message ""Please restart your system"" shows in notification area one week later after installing WLAN driver."
737481,"ALLION TEST LABS, INC.",,non_canonical_customer_no_title_brand,NA,"ALLION TEST LABS, INC.",2022-09-13 22:24:00,"[Kohaku][TyP2]Message ""Please restart your system"" shows in notification area one week later after installing WLAN driver."
737481,"ALLION TEST LABS, INC.",,non_canonical_customer_no_title_brand,NA,"ALLION TEST LABS, INC.",2022-09-13 22:24:00,"[Kohaku][TyP2]Message ""Please restart your system"" shows in notification area one week later after installing WLAN driver."
729763,"HUAQIN TECHNOLOGY CO., LTD",,non_canonical_customer_no_title_brand,NA,"Huaqin Technology Co., Ltd",2022-08-16 01:25:00,[Gardenparty] Intel 9560 CITU running fail
729763,"HUAQIN TECHNOLOGY CO., LTD",,non_canonical_customer_no_title_brand,NA,"Huaqin Technology Co., Ltd",2022-08-16 01:25:00,[Gardenparty] Intel 9560 CITU running fail
729763,"HUAQIN TECHNOLOGY CO., LTD",,non_canonical_customer_no_title_brand,NA,"Huaqin Technology Co., Ltd",2022-08-16 01:25:00,[Gardenparty] Intel 9560 CITU running fail
729692,"HUAQIN TECHNOLOGY CO., LTD",,non_canonical_customer_no_title_brand,"Huaqin Technology Co., Ltd","Huaqin Technology Co., Ltd",2022-08-15 23:58:00,[Gardenparty] Intel 9560 CITU running fail
729460,PEGATRON CORPORATION,,non_canonical_customer_no_title_brand,NA,Pegatron Corporation,2022-08-15 08:00:00,[MSFT Pegatron][BirchBay][GfP2] Intel WiFi Module Rx MIMO Conductivity Sensitivity Issue
729460,PEGATRON CORPORATION,,non_canonical_customer_no_title_brand,NA,Pegatron Corporation,2022-08-15 08:00:00,[MSFT Pegatron][BirchBay][GfP2] Intel WiFi Module Rx MIMO Conductivity Sensitivity Issue
729460,PEGATRON CORPORATION,,non_canonical_customer_no_title_brand,NA,Pegatron Corporation,2022-08-15 08:00:00,[MSFT Pegatron][BirchBay][GfP2] Intel WiFi Module Rx MIMO Conductivity Sensitivity Issue
726303,QUANTA COMPUTER INC.,,non_canonical_customer_no_title_brand,NA,QUANTA COMPUTER INC.,2022-08-02 02:35:00,[MSFT][Quanta][Salix][ADL-N][AX201][Win11] WiFi 5G ax160 CH36 throughput rate is lower
726303,QUANTA COMPUTER INC.,,non_canonical_customer_no_title_brand,NA,QUANTA COMPUTER INC.,2022-08-02 02:35:00,[MSFT][Quanta][Salix][ADL-N][AX201][Win11] WiFi 5G ax160 CH36 throughput rate is lower
726303,QUANTA COMPUTER INC.,,non_canonical_customer_no_title_brand,NA,QUANTA COMPUTER INC.,2022-08-02 02:35:00,[MSFT][Quanta][Salix][ADL-N][AX201][Win11] WiFi 5G ax160 CH36 throughput rate is lower
724531,QUANTA COMPUTER INC.,,non_canonical_customer_no_title_brand,NA,QUANTA COMPUTER INC.,2022-07-28 01:07:00,[MSFT][V81B]11a/g_54Mbps Chain A + Chain B Sensitivity 3dB lower compared with V81A under DC Power Mode
724531,QUANTA COMPUTER INC.,,non_canonical_customer_no_title_brand,NA,QUANTA COMPUTER INC.,2022-07-28 01:07:00,[MSFT][V81B]11a/g_54Mbps Chain A + Chain B Sensitivity 3dB lower compared with V81A under DC Power Mode
724531,QUANTA COMPUTER INC.,,non_canonical_customer_no_title_brand,NA,QUANTA COMPUTER INC.,2022-07-28 01:07:00,[MSFT][V81B]11a/g_54Mbps Chain A + Chain B Sensitivity 3dB lower compared with V81A under DC Power Mode
724512,QUANTA COMPUTER INC.,,non_canonical_customer_no_title_brand,NA,QUANTA COMPUTER INC.,2022-07-28 00:51:00,[MSFT][Yushan/Z96] 11a/g_54Mbps Chain A + Chain B Sensitivity 3dB lower compared with Z93 under DC Power Mode
724512,QUANTA COMPUTER INC.,,non_canonical_customer_no_title_brand,NA,QUANTA COMPUTER INC.,2022-07-28 00:51:00,[MSFT][Yushan/Z96] 11a/g_54Mbps Chain A + Chain B Sensitivity 3dB lower compared with Z93 under DC Power Mode
724512,QUANTA COMPUTER INC.,,non_canonical_customer_no_title_brand,NA,QUANTA COMPUTER INC.,2022-07-28 00:51:00,[MSFT][Yushan/Z96] 11a/g_54Mbps Chain A + Chain B Sensitivity 3dB lower compared with Z93 under DC Power Mode
724493,QUANTA COMPUTER INC.,,non_canonical_customer_no_title_brand,NA,QUANTA COMPUTER INC.,2022-07-28 00:17:00,[MSFT][Z95] Need Chain B only and Chain A + Chain B (2Rx) commands support in signaling mode
724493,QUANTA COMPUTER INC.,,non_canonical_customer_no_title_brand,NA,QUANTA COMPUTER INC.,2022-07-28 00:17:00,[MSFT][Z95] Need Chain B only and Chain A + Chain B (2Rx) commands support in signaling mode
724493,QUANTA COMPUTER INC.,,non_canonical_customer_no_title_brand,NA,QUANTA COMPUTER INC.,2022-07-28 00:17:00,[MSFT][Z95] Need Chain B only and Chain A + Chain B (2Rx) commands support in signaling mode
723628,QUANTA COMPUTER INC.,,non_canonical_customer_no_title_brand,NA,QUANTA COMPUTER INC.,2022-07-26 00:49:00,[MSFT][Z95]AX201 NGW  RX BT sensitivity  issue
723628,QUANTA COMPUTER INC.,,non_canonical_customer_no_title_brand,NA,QUANTA COMPUTER INC.,2022-07-26 00:49:00,[MSFT][Z95]AX201 NGW  RX BT sensitivity  issue
723628,QUANTA COMPUTER INC.,,non_canonical_customer_no_title_brand,NA,QUANTA COMPUTER INC.,2022-07-26 00:49:00,[MSFT][Z95]AX201 NGW  RX BT sensitivity  issue
722955,QUANTA COMPUTER INC.,,non_canonical_customer_no_title_brand,NA,QUANTA COMPUTER INC.,2022-07-22 05:31:00,The system cannot boot up with AX201 but OK after change to AX211
722955,QUANTA COMPUTER INC.,,non_canonical_customer_no_title_brand,NA,QUANTA COMPUTER INC.,2022-07-22 05:31:00,The system cannot boot up with AX201 but OK after change to AX211
722955,QUANTA COMPUTER INC.,,non_canonical_customer_no_title_brand,NA,QUANTA COMPUTER INC.,2022-07-22 05:31:00,The system cannot boot up with AX201 but OK after change to AX211
722706,QUANTA COMPUTER INC.,,non_canonical_customer_no_title_brand,QUANTA COMPUTER INC.,QUANTA COMPUTER INC.,2022-07-21 17:53:00,System cannot boot with CNVi 1650/AX201
719318,"HUAQIN TECHNOLOGY CO., LTD",,non_canonical_customer_no_title_brand,NA,"Huaqin Technology Co., Ltd",2022-07-07 23:19:00,[HONORI][HUAQIN][Fermi/Born][Intel ADL][Intel AX 201][BT][Win11] BT device show abnormal in setting UI after do turn off/turn on in BT device
719318,"HUAQIN TECHNOLOGY CO., LTD",,non_canonical_customer_no_title_brand,NA,"Huaqin Technology Co., Ltd",2022-07-07 23:19:00,[HONORI][HUAQIN][Fermi/Born][Intel ADL][Intel AX 201][BT][Win11] BT device show abnormal in setting UI after do turn off/turn on in BT device
719318,"HUAQIN TECHNOLOGY CO., LTD",,non_canonical_customer_no_title_brand,NA,"Huaqin Technology Co., Ltd",2022-07-07 23:19:00,[HONORI][HUAQIN][Fermi/Born][Intel ADL][Intel AX 201][BT][Win11] BT device show abnormal in setting UI after do turn off/turn on in BT device
719281,QUANTA COMPUTER INC.,,non_canonical_customer_no_title_brand,NA,QUANTA COMPUTER INC.,2022-07-07 21:43:00,[MSFT][Z95] WiFi SISO signaling sensitivity drop around 6dB in AC Power Mode
719281,QUANTA COMPUTER INC.,,non_canonical_customer_no_title_brand,NA,QUANTA COMPUTER INC.,2022-07-07 21:43:00,[MSFT][Z95] WiFi SISO signaling sensitivity drop around 6dB in AC Power Mode
719281,QUANTA COMPUTER INC.,,non_canonical_customer_no_title_brand,NA,QUANTA COMPUTER INC.,2022-07-07 21:43:00,[MSFT][Z95] WiFi SISO signaling sensitivity drop around 6dB in AC Power Mode
717012,QUANTA COMPUTER INC.,,non_canonical_customer_no_title_brand,NA,QUANTA COMPUTER INC.,2022-06-29 04:16:00,[MSFT/Quanta][Salix/Z95][ADL-N][AX201]11a/g_54Mbps Chain A+ Chain B sensitivity result low than expectation
717012,QUANTA COMPUTER INC.,,non_canonical_customer_no_title_brand,NA,QUANTA COMPUTER INC.,2022-06-29 04:16:00,[MSFT/Quanta][Salix/Z95][ADL-N][AX201]11a/g_54Mbps Chain A+ Chain B sensitivity result low than expectation
717012,QUANTA COMPUTER INC.,,non_canonical_customer_no_title_brand,NA,QUANTA COMPUTER INC.,2022-06-29 04:16:00,[MSFT/Quanta][Salix/Z95][ADL-N][AX201]11a/g_54Mbps Chain A+ Chain B sensitivity result low than expectation
716868,"COMPAL ELECTRONICS, INC.",,non_canonical_customer_no_title_brand,NA,"COMPAL ELECTRONICS, INC.",2022-06-28 22:59:00,[UNIS] [Compal][UNIS_Slinky][Tiger Lake][AX201][20H2] Urgent case - Ping lost issue
716868,"COMPAL ELECTRONICS, INC.",,non_canonical_customer_no_title_brand,NA,"COMPAL ELECTRONICS, INC.",2022-06-28 22:59:00,[UNIS] [Compal][UNIS_Slinky][Tiger Lake][AX201][20H2] Urgent case - Ping lost issue
716868,"COMPAL ELECTRONICS, INC.",,non_canonical_customer_no_title_brand,NA,"COMPAL ELECTRONICS, INC.",2022-06-28 22:59:00,[UNIS] [Compal][UNIS_Slinky][Tiger Lake][AX201][20H2] Urgent case - Ping lost issue
716810,WEIBU - PRC,,non_canonical_customer_no_title_brand,NA,WEIBU - PRC,2022-06-28 19:59:00,Intel(R) Wi-Fi 6E AX211 160MHz ????
716810,WEIBU - PRC,,non_canonical_customer_no_title_brand,NA,WEIBU - PRC,2022-06-28 19:59:00,Intel(R) Wi-Fi 6E AX211 160MHz ????
716810,WEIBU - PRC,,non_canonical_customer_no_title_brand,NA,WEIBU - PRC,2022-06-28 19:59:00,Intel(R) Wi-Fi 6E AX211 160MHz ????
715870,QUANTA COMPUTER INC.,,non_canonical_customer_no_title_brand,NA,QUANTA COMPUTER INC.,2022-06-23 23:44:00,Z8L Wake on WLAN Test Failure
715870,QUANTA COMPUTER INC.,,non_canonical_customer_no_title_brand,NA,QUANTA COMPUTER INC.,2022-06-23 23:44:00,Z8L Wake on WLAN Test Failure
715870,QUANTA COMPUTER INC.,,non_canonical_customer_no_title_brand,NA,QUANTA COMPUTER INC.,2022-06-23 23:44:00,Z8L Wake on WLAN Test Failure
714987,"HUAQIN TECHNOLOGY CO., LTD",,non_canonical_customer_no_title_brand,NA,"Huaqin Technology Co., Ltd",2022-06-21 03:20:00,[HONORI][HUAQIN][HiggsF][Intel ADL][Intel AX 211][BT][Win11] Bluetooth icon and funtion will be lost and DM not any yang bang. FR:1/100 cycle.
714987,"HUAQIN TECHNOLOGY CO., LTD",,non_canonical_customer_no_title_brand,NA,"Huaqin Technology Co., Ltd",2022-06-21 03:20:00,[HONORI][HUAQIN][HiggsF][Intel ADL][Intel AX 211][BT][Win11] Bluetooth icon and funtion will be lost and DM not any yang bang. FR:1/100 cycle.
714987,"HUAQIN TECHNOLOGY CO., LTD",,non_canonical_customer_no_title_brand,NA,"Huaqin Technology Co., Ltd",2022-06-21 03:20:00,[HONORI][HUAQIN][HiggsF][Intel ADL][Intel AX 211][BT][Win11] Bluetooth icon and funtion will be lost and DM not any yang bang. FR:1/100 cycle.
714719,"COMPAL ELECTRONICS, INC.",,non_canonical_customer_no_title_brand,NA,"COMPAL ELECTRONICS, INC.",2022-06-20 05:58:00,1pcs capture failed MB with AX201 WIFI YB issue
714719,"COMPAL ELECTRONICS, INC.",,non_canonical_customer_no_title_brand,NA,"COMPAL ELECTRONICS, INC.",2022-06-20 05:58:00,1pcs capture failed MB with AX201 WIFI YB issue
714719,"COMPAL ELECTRONICS, INC.",,non_canonical_customer_no_title_brand,NA,"COMPAL ELECTRONICS, INC.",2022-06-20 05:58:00,1pcs capture failed MB with AX201 WIFI YB issue
713985,QUANTA COMPUTER INC.,,non_canonical_customer_no_title_brand,NA,QUANTA COMPUTER INC.,2022-06-15 22:36:00,[MSFT][Salix_Z95][ADL-N][HrP2]Roaming time calculation question
713985,QUANTA COMPUTER INC.,,non_canonical_customer_no_title_brand,NA,QUANTA COMPUTER INC.,2022-06-15 22:36:00,[MSFT][Salix_Z95][ADL-N][HrP2]Roaming time calculation question
713985,QUANTA COMPUTER INC.,,non_canonical_customer_no_title_brand,NA,QUANTA COMPUTER INC.,2022-06-15 22:36:00,[MSFT][Salix_Z95][ADL-N][HrP2]Roaming time calculation question
711209,UNIWILL TECHNOLOGY INC.,,non_canonical_customer_no_title_brand,NA,Uniwill Technology Inc.,2022-06-06 04:58:00,[Intel][NUC-G][NUC][ADL-P][Serpent Canyon] BSOD( DRIVER_POWER_STATE_FAILURE) occurred during Auto S4 long run cycling test.
711209,UNIWILL TECHNOLOGY INC.,,non_canonical_customer_no_title_brand,NA,Uniwill Technology Inc.,2022-06-06 04:58:00,[Intel][NUC-G][NUC][ADL-P][Serpent Canyon] BSOD( DRIVER_POWER_STATE_FAILURE) occurred during Auto S4 long run cycling test.
711209,UNIWILL TECHNOLOGY INC.,,non_canonical_customer_no_title_brand,NA,Uniwill Technology Inc.,2022-06-06 04:58:00,[Intel][NUC-G][NUC][ADL-P][Serpent Canyon] BSOD( DRIVER_POWER_STATE_FAILURE) occurred during Auto S4 long run cycling test.
706765,"EDIMAX TECHNOLOGY CO., LTD.",,non_canonical_customer_no_title_brand,NA,"EDIMAX TECHNOLOGY CO., LTD.",2022-05-19 01:19:00,AX210 can not scan bandwidth 160MHz band4
706765,"EDIMAX TECHNOLOGY CO., LTD.",,non_canonical_customer_no_title_brand,NA,"EDIMAX TECHNOLOGY CO., LTD.",2022-05-19 01:19:00,AX210 can not scan bandwidth 160MHz band4
706765,"EDIMAX TECHNOLOGY CO., LTD.",,non_canonical_customer_no_title_brand,NA,"EDIMAX TECHNOLOGY CO., LTD.",2022-05-19 01:19:00,AX210 can not scan bandwidth 160MHz band4
705403,WISTRON CORPORATION,,non_canonical_customer_no_title_brand,NA,WISTRON CORPORATION,2022-05-13 00:04:00,WRT2G tool can't work correctly
705403,WISTRON CORPORATION,,non_canonical_customer_no_title_brand,NA,WISTRON CORPORATION,2022-05-13 00:04:00,WRT2G tool can't work correctly
705403,WISTRON CORPORATION,,non_canonical_customer_no_title_brand,NA,WISTRON CORPORATION,2022-05-13 00:04:00,WRT2G tool can't work correctly
699327,"HUAQIN TECHNOLOGY CO., LTD",,non_canonical_customer_no_title_brand,NA,"Huaqin Technology Co., Ltd",2022-04-19 20:33:00,[HONORI][HUAQIN][HiggsF][Intel ADL][Intel AX 211][BT][Win11]BT headset have no soud output after draging Groove Music APP gropress bar.
699327,"HUAQIN TECHNOLOGY CO., LTD",,non_canonical_customer_no_title_brand,NA,"Huaqin Technology Co., Ltd",2022-04-19 20:33:00,[HONORI][HUAQIN][HiggsF][Intel ADL][Intel AX 211][BT][Win11]BT headset have no soud output after draging Groove Music APP gropress bar.
699327,"HUAQIN TECHNOLOGY CO., LTD",,non_canonical_customer_no_title_brand,NA,"Huaqin Technology Co., Ltd",2022-04-19 20:33:00,[HONORI][HUAQIN][HiggsF][Intel ADL][Intel AX 211][BT][Win11]BT headset have no soud output after draging Groove Music APP gropress bar.
698033,DYNABOOK INC.,,non_canonical_customer_no_title_brand,NA,Dynabook Inc.,2022-04-14 02:06:00,[Dynabook][Win10/Win11][GfP2/Hrp2] Can not connect WPA3-Enterprise(not 192bit)
698033,DYNABOOK INC.,,non_canonical_customer_no_title_brand,NA,Dynabook Inc.,2022-04-14 02:06:00,[Dynabook][Win10/Win11][GfP2/Hrp2] Can not connect WPA3-Enterprise(not 192bit)
698033,DYNABOOK INC.,,non_canonical_customer_no_title_brand,NA,Dynabook Inc.,2022-04-14 02:06:00,[Dynabook][Win10/Win11][GfP2/Hrp2] Can not connect WPA3-Enterprise(not 192bit)
697961,DYNABOOK INC.,,non_canonical_customer_no_title_brand,NA,Dynabook Inc.,2022-04-13 23:50:00,[Dynabook][Win10/Win11][GfP2/Hrp2] WPA3-Enterprise PEAP/TTLS Support?
697961,DYNABOOK INC.,,non_canonical_customer_no_title_brand,NA,Dynabook Inc.,2022-04-13 23:50:00,[Dynabook][Win10/Win11][GfP2/Hrp2] WPA3-Enterprise PEAP/TTLS Support?
697961,DYNABOOK INC.,,non_canonical_customer_no_title_brand,NA,Dynabook Inc.,2022-04-13 23:50:00,[Dynabook][Win10/Win11][GfP2/Hrp2] WPA3-Enterprise PEAP/TTLS Support?
696890,"HUAQIN TECHNOLOGY CO., LTD",,non_canonical_customer_no_title_brand,NA,"Huaqin Technology Co., Ltd",2022-04-10 23:59:00,INTEL WIFI 6E UHB support doesn't exist in WRT2G tool
696890,"HUAQIN TECHNOLOGY CO., LTD",,non_canonical_customer_no_title_brand,NA,"Huaqin Technology Co., Ltd",2022-04-10 23:59:00,INTEL WIFI 6E UHB support doesn't exist in WRT2G tool
696890,"HUAQIN TECHNOLOGY CO., LTD",,non_canonical_customer_no_title_brand,NA,"Huaqin Technology Co., Ltd",2022-04-10 23:59:00,INTEL WIFI 6E UHB support doesn't exist in WRT2G tool
696828,"HUAQIN TECHNOLOGY CO., LTD",,non_canonical_customer_no_title_brand,NA,"Huaqin Technology Co., Ltd",2022-04-10 21:02:00,INTEL WIFI 6E UHB support doesn't exist in WRT2G tool
696828,"HUAQIN TECHNOLOGY CO., LTD",,non_canonical_customer_no_title_brand,NA,"Huaqin Technology Co., Ltd",2022-04-10 21:02:00,INTEL WIFI 6E UHB support doesn't exist in WRT2G tool
696828,"HUAQIN TECHNOLOGY CO., LTD",,non_canonical_customer_no_title_brand,NA,"Huaqin Technology Co., Ltd",2022-04-10 21:02:00,INTEL WIFI 6E UHB support doesn't exist in WRT2G tool
694576,PEGATRON CORPORATION,,non_canonical_customer_no_title_brand,NA,Pegatron Corporation,2022-03-30 08:10:00,[MSFT Pegatron][Inasa] [TGL-H][AX200]DRTU 22.120 PRU test chain B will not transmit and signal in MIMO mode
694576,PEGATRON CORPORATION,,non_canonical_customer_no_title_brand,NA,Pegatron Corporation,2022-03-30 08:10:00,[MSFT Pegatron][Inasa] [TGL-H][AX200]DRTU 22.120 PRU test chain B will not transmit and signal in MIMO mode
694576,PEGATRON CORPORATION,,non_canonical_customer_no_title_brand,NA,Pegatron Corporation,2022-03-30 08:10:00,[MSFT Pegatron][Inasa] [TGL-H][AX200]DRTU 22.120 PRU test chain B will not transmit and signal in MIMO mode
690977,PEGATRON CORPORATION,,non_canonical_customer_no_title_brand,NA,Pegatron Corporation,2022-03-16 07:24:00,[MSFT Pegatron][BirchBay] DRTU 22.120 version is not working well for MU-MIMO tests
690977,PEGATRON CORPORATION,,non_canonical_customer_no_title_brand,NA,Pegatron Corporation,2022-03-16 07:24:00,[MSFT Pegatron][BirchBay] DRTU 22.120 version is not working well for MU-MIMO tests
690977,PEGATRON CORPORATION,,non_canonical_customer_no_title_brand,NA,Pegatron Corporation,2022-03-16 07:24:00,[MSFT Pegatron][BirchBay] DRTU 22.120 version is not working well for MU-MIMO tests
690126,DYNABOOK INC.,,non_canonical_customer_no_title_brand,NA,Dynabook Inc.,2022-03-13 23:34:00,[Danabook]Target PC cannot  reconnect to AP automatically after disconnect to AP during modern standby
690126,DYNABOOK INC.,,non_canonical_customer_no_title_brand,NA,Dynabook Inc.,2022-03-13 23:34:00,[Danabook]Target PC cannot  reconnect to AP automatically after disconnect to AP during modern standby
690126,DYNABOOK INC.,,non_canonical_customer_no_title_brand,NA,Dynabook Inc.,2022-03-13 23:34:00,[Danabook]Target PC cannot  reconnect to AP automatically after disconnect to AP during modern standby
687958,PEGATRON CORPORATION,,non_canonical_customer_no_title_brand,NA,Pegatron Corporation,2022-03-03 23:37:00,Intel AX211 WiFi 6E Country BIOS setting for US & EU
687958,PEGATRON CORPORATION,,non_canonical_customer_no_title_brand,NA,Pegatron Corporation,2022-03-03 23:37:00,Intel AX211 WiFi 6E Country BIOS setting for US & EU
687958,PEGATRON CORPORATION,,non_canonical_customer_no_title_brand,NA,Pegatron Corporation,2022-03-03 23:37:00,Intel AX211 WiFi 6E Country BIOS setting for US & EU
684529,"SHANGHAI WINGTECH ELECTRONICS TECHNOLOGYCO., LTD.",,non_canonical_customer_no_title_brand,NA,"SHANGHAI WINGTECH ELECTRONICS TECHNOLOGYCO., LTD.",2022-02-20 17:33:00,"[Haier][Wingtech][G1][ADL][Ax201][21H2]The PC wake up from S4,  WLAN driver appears with YB"
684529,"SHANGHAI WINGTECH ELECTRONICS TECHNOLOGYCO., LTD.",,non_canonical_customer_no_title_brand,NA,"SHANGHAI WINGTECH ELECTRONICS TECHNOLOGYCO., LTD.",2022-02-20 17:33:00,"[Haier][Wingtech][G1][ADL][Ax201][21H2]The PC wake up from S4,  WLAN driver appears with YB"
684529,"SHANGHAI WINGTECH ELECTRONICS TECHNOLOGYCO., LTD.",,non_canonical_customer_no_title_brand,NA,"SHANGHAI WINGTECH ELECTRONICS TECHNOLOGYCO., LTD.",2022-02-20 17:33:00,"[Haier][Wingtech][G1][ADL][Ax201][21H2]The PC wake up from S4,  WLAN driver appears with YB"
683603,ACCOUNT FOR DEACTIVATED CONTACTS,,non_canonical_customer_no_title_brand,NA,Account for Deactivated Contacts,2022-02-16 02:57:00,RSSI test issue (Alder Lake/Win11/AX201)
683603,ACCOUNT FOR DEACTIVATED CONTACTS,,non_canonical_customer_no_title_brand,NA,Account for Deactivated Contacts,2022-02-16 02:57:00,RSSI test issue (Alder Lake/Win11/AX201)
683603,ACCOUNT FOR DEACTIVATED CONTACTS,,non_canonical_customer_no_title_brand,NA,Account for Deactivated Contacts,2022-02-16 02:57:00,RSSI test issue (Alder Lake/Win11/AX201)
678151,"SHENZHEN BITLAND INFORMATION TECHNOLOGYCO., LTD.",,non_canonical_customer_no_title_brand,NA,"SHENZHEN BITLAND INFORMATION TECHNOLOGYCO., LTD.",2022-01-22 02:04:00,[Unis][Bitland][Tianjian-Lake][Comet-Lake/Rocket-Lake][21H2][2/2units]Intel Bluetooth device will show yellow markLog after WHLK test.
678151,"SHENZHEN BITLAND INFORMATION TECHNOLOGYCO., LTD.",,non_canonical_customer_no_title_brand,NA,"SHENZHEN BITLAND INFORMATION TECHNOLOGYCO., LTD.",2022-01-22 02:04:00,[Unis][Bitland][Tianjian-Lake][Comet-Lake/Rocket-Lake][21H2][2/2units]Intel Bluetooth device will show yellow markLog after WHLK test.
678151,"SHENZHEN BITLAND INFORMATION TECHNOLOGYCO., LTD.",,non_canonical_customer_no_title_brand,NA,"SHENZHEN BITLAND INFORMATION TECHNOLOGYCO., LTD.",2022-01-22 02:04:00,[Unis][Bitland][Tianjian-Lake][Comet-Lake/Rocket-Lake][21H2][2/2units]Intel Bluetooth device will show yellow markLog after WHLK test.
676010,DYNABOOK INC.,,non_canonical_customer_no_title_brand,NA,Dynabook Inc.,2022-01-16 22:36:00,[Dynabook][Win11]The AP can't be showed on ICPS when connect to AP from WLAN list with ICPS UI opened
676010,DYNABOOK INC.,,non_canonical_customer_no_title_brand,NA,Dynabook Inc.,2022-01-16 22:36:00,[Dynabook][Win11]The AP can't be showed on ICPS when connect to AP from WLAN list with ICPS UI opened
676010,DYNABOOK INC.,,non_canonical_customer_no_title_brand,NA,Dynabook Inc.,2022-01-16 22:36:00,[Dynabook][Win11]The AP can't be showed on ICPS when connect to AP from WLAN list with ICPS UI opened
675930,DYNABOOK INC.,,non_canonical_customer_no_title_brand,NA,Dynabook Inc.,2022-01-16 18:40:00,[Dynabook][Win11]ICPS hang up when reconnenct to the forgetted network from ICPS
675930,DYNABOOK INC.,,non_canonical_customer_no_title_brand,NA,Dynabook Inc.,2022-01-16 18:40:00,[Dynabook][Win11]ICPS hang up when reconnenct to the forgetted network from ICPS
675930,DYNABOOK INC.,,non_canonical_customer_no_title_brand,NA,Dynabook Inc.,2022-01-16 18:40:00,[Dynabook][Win11]ICPS hang up when reconnenct to the forgetted network from ICPS
674051,"SHANGHAI WINGTECH ELECTRONICS TECHNOLOGYCO., LTD.",,non_canonical_customer_no_title_brand,NA,"SHANGHAI WINGTECH ELECTRONICS TECHNOLOGYCO., LTD.",2022-01-10 01:18:00,[Realme][Wingtech][Intel Tiger Lake UP4][Ac9560][21H1] [WIFI] Cannot open the 5G hotspot
674051,"SHANGHAI WINGTECH ELECTRONICS TECHNOLOGYCO., LTD.",,non_canonical_customer_no_title_brand,NA,"SHANGHAI WINGTECH ELECTRONICS TECHNOLOGYCO., LTD.",2022-01-10 01:18:00,[Realme][Wingtech][Intel Tiger Lake UP4][Ac9560][21H1] [WIFI] Cannot open the 5G hotspot
674051,"SHANGHAI WINGTECH ELECTRONICS TECHNOLOGYCO., LTD.",,non_canonical_customer_no_title_brand,NA,"SHANGHAI WINGTECH ELECTRONICS TECHNOLOGYCO., LTD.",2022-01-10 01:18:00,[Realme][Wingtech][Intel Tiger Lake UP4][Ac9560][21H1] [WIFI] Cannot open the 5G hotspot
671778,QUANTA COMPUTER INC.,,non_canonical_customer_no_title_brand,NA,QUANTA COMPUTER INC.,2021-12-28 21:43:00,The RnRs - 5002 events occurred during DUT execute WiFi reliability test
671778,QUANTA COMPUTER INC.,,non_canonical_customer_no_title_brand,NA,QUANTA COMPUTER INC.,2021-12-28 21:43:00,The RnRs - 5002 events occurred during DUT execute WiFi reliability test
671778,QUANTA COMPUTER INC.,,non_canonical_customer_no_title_brand,NA,QUANTA COMPUTER INC.,2021-12-28 21:43:00,The RnRs - 5002 events occurred during DUT execute WiFi reliability test
670907,PEGATRON CORPORATION,,non_canonical_customer_no_title_brand,NA,Pegatron Corporation,2021-12-23 01:54:00,[MSFT Pegatron][BirchBay] Birch Bay EU WiFi6E RF blocking test setup with Anritsu MT8862A
670907,PEGATRON CORPORATION,,non_canonical_customer_no_title_brand,NA,Pegatron Corporation,2021-12-23 01:54:00,[MSFT Pegatron][BirchBay] Birch Bay EU WiFi6E RF blocking test setup with Anritsu MT8862A
670907,PEGATRON CORPORATION,,non_canonical_customer_no_title_brand,NA,Pegatron Corporation,2021-12-23 01:54:00,[MSFT Pegatron][BirchBay] Birch Bay EU WiFi6E RF blocking test setup with Anritsu MT8862A
670826,"COMPAL ELECTRONICS, INC.",,non_canonical_customer_no_title_brand,NA,"COMPAL ELECTRONICS, INC.",2021-12-22 22:42:00,Intel 9462 factory RSSI tool antenna fail analyze
670826,"COMPAL ELECTRONICS, INC.",,non_canonical_customer_no_title_brand,NA,"COMPAL ELECTRONICS, INC.",2021-12-22 22:42:00,Intel 9462 factory RSSI tool antenna fail analyze
670826,"COMPAL ELECTRONICS, INC.",,non_canonical_customer_no_title_brand,NA,"COMPAL ELECTRONICS, INC.",2021-12-22 22:42:00,Intel 9462 factory RSSI tool antenna fail analyze
669166,DYNABOOK INC.,,non_canonical_customer_no_title_brand,NA,Dynabook Inc.,2021-12-16 02:58:00,[Dynabook][Win11] BSOD occurs after connect mobile hotspot via BT and browse the web
669166,DYNABOOK INC.,,non_canonical_customer_no_title_brand,NA,Dynabook Inc.,2021-12-16 02:58:00,[Dynabook][Win11] BSOD occurs after connect mobile hotspot via BT and browse the web
669166,DYNABOOK INC.,,non_canonical_customer_no_title_brand,NA,Dynabook Inc.,2021-12-16 02:58:00,[Dynabook][Win11] BSOD occurs after connect mobile hotspot via BT and browse the web
668732,DYNABOOK INC.,,non_canonical_customer_no_title_brand,NA,Dynabook Inc.,2021-12-15 00:29:00,[Danabook]Target PC cannot automatically reconnect to AP after disconnect to AP during modern standby
668732,DYNABOOK INC.,,non_canonical_customer_no_title_brand,NA,Dynabook Inc.,2021-12-15 00:29:00,[Danabook]Target PC cannot automatically reconnect to AP after disconnect to AP during modern standby
668732,DYNABOOK INC.,,non_canonical_customer_no_title_brand,NA,Dynabook Inc.,2021-12-15 00:29:00,[Danabook]Target PC cannot automatically reconnect to AP after disconnect to AP during modern standby
668290,PEGATRON CORPORATION,,non_canonical_customer_no_title_brand,NA,Pegatron Corporation,2021-12-13 23:38:00,[MSFT Pegatron][BirchBay] [ADL-P][AX211]Test failed with AX211D2W on CBE &PSD and TX power
668290,PEGATRON CORPORATION,,non_canonical_customer_no_title_brand,NA,Pegatron Corporation,2021-12-13 23:38:00,[MSFT Pegatron][BirchBay] [ADL-P][AX211]Test failed with AX211D2W on CBE &PSD and TX power
668290,PEGATRON CORPORATION,,non_canonical_customer_no_title_brand,NA,Pegatron Corporation,2021-12-13 23:38:00,[MSFT Pegatron][BirchBay] [ADL-P][AX211]Test failed with AX211D2W on CBE &PSD and TX power
667719,DYNABOOK INC.,,non_canonical_customer_no_title_brand,NA,Dynabook Inc.,2021-12-10 23:19:00,Dynabook][Win11] No sound output from the BT headset after adjusting the music/video progress bar
667719,DYNABOOK INC.,,non_canonical_customer_no_title_brand,NA,Dynabook Inc.,2021-12-10 23:19:00,Dynabook][Win11] No sound output from the BT headset after adjusting the music/video progress bar
667719,DYNABOOK INC.,,non_canonical_customer_no_title_brand,NA,Dynabook Inc.,2021-12-10 23:19:00,Dynabook][Win11] No sound output from the BT headset after adjusting the music/video progress bar
667197,NEXSTGO COMPANY LIMITED,,non_canonical_customer_no_title_brand,NA,NEXSTGO Company Limited,2021-12-08 23:29:00,[Nexstgo][ADL_28W_RVP][Win11_21H2][WIFI_9560] WLAN(jfp2) device yellow bang (Code:10) during warm boot
667197,NEXSTGO COMPANY LIMITED,,non_canonical_customer_no_title_brand,NA,NEXSTGO Company Limited,2021-12-08 23:29:00,[Nexstgo][ADL_28W_RVP][Win11_21H2][WIFI_9560] WLAN(jfp2) device yellow bang (Code:10) during warm boot
667197,NEXSTGO COMPANY LIMITED,,non_canonical_customer_no_title_brand,NA,NEXSTGO Company Limited,2021-12-08 23:29:00,[Nexstgo][ADL_28W_RVP][Win11_21H2][WIFI_9560] WLAN(jfp2) device yellow bang (Code:10) during warm boot
666683,PEGATRON CORPORATION,,non_canonical_customer_no_title_brand,NA,Pegatron Corporation,2021-12-07 20:31:00,[MSFT Pegatron][BirchBay][ADL-P][AX211]MIMO TX Fail and MU-MIMO can?t remote control
666683,PEGATRON CORPORATION,,non_canonical_customer_no_title_brand,NA,Pegatron Corporation,2021-12-07 20:31:00,[MSFT Pegatron][BirchBay][ADL-P][AX211]MIMO TX Fail and MU-MIMO can?t remote control
666683,PEGATRON CORPORATION,,non_canonical_customer_no_title_brand,NA,Pegatron Corporation,2021-12-07 20:31:00,[MSFT Pegatron][BirchBay][ADL-P][AX211]MIMO TX Fail and MU-MIMO can?t remote control
666238,"HUAQIN TECHNOLOGY CO., LTD",,non_canonical_customer_no_title_brand,NA,"Huaqin Technology Co., Ltd",2021-12-06 18:24:00,"[REALME][HUAQIN][NB6156A][Intel TGL][Intel AC 9560][WIFI][Win11]Wifi occur yellow band(43) when run iperf.exe or play on line video, for example aiqiyi."
666238,"HUAQIN TECHNOLOGY CO., LTD",,non_canonical_customer_no_title_brand,NA,"Huaqin Technology Co., Ltd",2021-12-06 18:24:00,"[REALME][HUAQIN][NB6156A][Intel TGL][Intel AC 9560][WIFI][Win11]Wifi occur yellow band(43) when run iperf.exe or play on line video, for example aiqiyi."
666238,"HUAQIN TECHNOLOGY CO., LTD",,non_canonical_customer_no_title_brand,NA,"Huaqin Technology Co., Ltd",2021-12-06 18:24:00,"[REALME][HUAQIN][NB6156A][Intel TGL][Intel AC 9560][WIFI][Win11]Wifi occur yellow band(43) when run iperf.exe or play on line video, for example aiqiyi."
665816,DYNABOOK INC.,,non_canonical_customer_no_title_brand,NA,Dynabook Inc.,2021-12-03 22:41:00,[Dynabook][Win11]Connect icon and My network page show disconnected status after connecting to the 6E AP
665816,DYNABOOK INC.,,non_canonical_customer_no_title_brand,NA,Dynabook Inc.,2021-12-03 22:41:00,[Dynabook][Win11]Connect icon and My network page show disconnected status after connecting to the 6E AP
665816,DYNABOOK INC.,,non_canonical_customer_no_title_brand,NA,Dynabook Inc.,2021-12-03 22:41:00,[Dynabook][Win11]Connect icon and My network page show disconnected status after connecting to the 6E AP
664856,"SHANGHAI WINGTECH ELECTRONICS TECHNOLOGYCO., LTD.",,non_canonical_customer_no_title_brand,NA,"SHANGHAI WINGTECH ELECTRONICS TECHNOLOGYCO., LTD.",2021-11-30 22:33:00,"[Haier][Wingtech][G1][ADL][Ax210][21H2][BT]Upgrade the BT drive, the Bluetooth drive will be lost"
664856,"SHANGHAI WINGTECH ELECTRONICS TECHNOLOGYCO., LTD.",,non_canonical_customer_no_title_brand,NA,"SHANGHAI WINGTECH ELECTRONICS TECHNOLOGYCO., LTD.",2021-11-30 22:33:00,"[Haier][Wingtech][G1][ADL][Ax210][21H2][BT]Upgrade the BT drive, the Bluetooth drive will be lost"
664856,"SHANGHAI WINGTECH ELECTRONICS TECHNOLOGYCO., LTD.",,non_canonical_customer_no_title_brand,NA,"SHANGHAI WINGTECH ELECTRONICS TECHNOLOGYCO., LTD.",2021-11-30 22:33:00,"[Haier][Wingtech][G1][ADL][Ax210][21H2][BT]Upgrade the BT drive, the Bluetooth drive will be lost"
664201,DYNABOOK INC.,,non_canonical_customer_no_title_brand,NA,Dynabook Inc.,2021-11-29 01:41:00,[Dynabook][Win11]BTHUSB event error occurs after resuming from hibernation with BT headset paired.
664201,DYNABOOK INC.,,non_canonical_customer_no_title_brand,NA,Dynabook Inc.,2021-11-29 01:41:00,[Dynabook][Win11]BTHUSB event error occurs after resuming from hibernation with BT headset paired.
664201,DYNABOOK INC.,,non_canonical_customer_no_title_brand,NA,Dynabook Inc.,2021-11-29 01:41:00,[Dynabook][Win11]BTHUSB event error occurs after resuming from hibernation with BT headset paired.
663724,DYNABOOK INC.,,non_canonical_customer_no_title_brand,NA,Dynabook Inc.,2021-11-25 18:09:00,[Dynabook][Win11]Audio noise observed during voice call
663724,DYNABOOK INC.,,non_canonical_customer_no_title_brand,NA,Dynabook Inc.,2021-11-25 18:09:00,[Dynabook][Win11]Audio noise observed during voice call
663724,DYNABOOK INC.,,non_canonical_customer_no_title_brand,NA,Dynabook Inc.,2021-11-25 18:09:00,[Dynabook][Win11]Audio noise observed during voice call
663523,"COMPAL ELECTRONICS, INC.",,non_canonical_customer_no_title_brand,NA,"COMPAL ELECTRONICS, INC.",2021-11-24 23:09:00,[Axiom ADL]Intel AX201_BSOD:DRIVER_POWER_STATE_FAILURE when run WB stress
663523,"COMPAL ELECTRONICS, INC.",,non_canonical_customer_no_title_brand,NA,"COMPAL ELECTRONICS, INC.",2021-11-24 23:09:00,[Axiom ADL]Intel AX201_BSOD:DRIVER_POWER_STATE_FAILURE when run WB stress
663523,"COMPAL ELECTRONICS, INC.",,non_canonical_customer_no_title_brand,NA,"COMPAL ELECTRONICS, INC.",2021-11-24 23:09:00,[Axiom ADL]Intel AX201_BSOD:DRIVER_POWER_STATE_FAILURE when run WB stress
661924,NEXSTGO COMPANY LIMITED,,non_canonical_customer_no_title_brand,NA,NEXSTGO Company Limited,2021-11-18 01:56:00,[Nexstgo][ADL][Win11_21H2][WIFI_9560] WLAN(jfp2) subsys ID will change irregularly on ADL RVP
661924,NEXSTGO COMPANY LIMITED,,non_canonical_customer_no_title_brand,NA,NEXSTGO Company Limited,2021-11-18 01:56:00,[Nexstgo][ADL][Win11_21H2][WIFI_9560] WLAN(jfp2) subsys ID will change irregularly on ADL RVP
661924,NEXSTGO COMPANY LIMITED,,non_canonical_customer_no_title_brand,NA,NEXSTGO Company Limited,2021-11-18 01:56:00,[Nexstgo][ADL][Win11_21H2][WIFI_9560] WLAN(jfp2) subsys ID will change irregularly on ADL RVP
661063,"HUAQIN TECHNOLOGY CO., LTD",,non_canonical_customer_no_title_brand,NA,"Huaqin Technology Co., Ltd",2021-11-15 19:45:00,[Huaqin][NB2631][ADL-P] BSOD occurred during the HLK test for System - PNP (disable and enable) with IO Before and After (Reliability).
661063,"HUAQIN TECHNOLOGY CO., LTD",,non_canonical_customer_no_title_brand,NA,"Huaqin Technology Co., Ltd",2021-11-15 19:45:00,[Huaqin][NB2631][ADL-P] BSOD occurred during the HLK test for System - PNP (disable and enable) with IO Before and After (Reliability).
661063,"HUAQIN TECHNOLOGY CO., LTD",,non_canonical_customer_no_title_brand,NA,"Huaqin Technology Co., Ltd",2021-11-15 19:45:00,[Huaqin][NB2631][ADL-P] BSOD occurred during the HLK test for System - PNP (disable and enable) with IO Before and After (Reliability).
659618,DYNABOOK INC.,,non_canonical_customer_no_title_brand,NA,Dynabook Inc.,2021-11-09 21:21:00,[Dynabook][Win11]  roaming test failed for Wi-Fi 6E
659618,DYNABOOK INC.,,non_canonical_customer_no_title_brand,NA,Dynabook Inc.,2021-11-09 21:21:00,[Dynabook][Win11]  roaming test failed for Wi-Fi 6E
659618,DYNABOOK INC.,,non_canonical_customer_no_title_brand,NA,Dynabook Inc.,2021-11-09 21:21:00,[Dynabook][Win11]  roaming test failed for Wi-Fi 6E
659583,DYNABOOK INC.,,non_canonical_customer_no_title_brand,NA,Dynabook Inc.,2021-11-09 19:23:00,[Dynabook][Win11] Cannot connect to 6E AP if set SSID as hidden
659583,DYNABOOK INC.,,non_canonical_customer_no_title_brand,NA,Dynabook Inc.,2021-11-09 19:23:00,[Dynabook][Win11] Cannot connect to 6E AP if set SSID as hidden
659583,DYNABOOK INC.,,non_canonical_customer_no_title_brand,NA,Dynabook Inc.,2021-11-09 19:23:00,[Dynabook][Win11] Cannot connect to 6E AP if set SSID as hidden
657558,"HUAQIN TECHNOLOGY CO., LTD",,non_canonical_customer_no_title_brand,NA,"Huaqin Technology Co., Ltd",2021-11-02 06:02:00,"[MI][HuaQin][A39S][CcP2] AX200 wlan module will be lost when running coldboot stress test. (FR: 3/4 units, 84/152 cycles)"
657558,"HUAQIN TECHNOLOGY CO., LTD",,non_canonical_customer_no_title_brand,NA,"Huaqin Technology Co., Ltd",2021-11-02 06:02:00,"[MI][HuaQin][A39S][CcP2] AX200 wlan module will be lost when running coldboot stress test. (FR: 3/4 units, 84/152 cycles)"
657558,"HUAQIN TECHNOLOGY CO., LTD",,non_canonical_customer_no_title_brand,NA,"Huaqin Technology Co., Ltd",2021-11-02 06:02:00,"[MI][HuaQin][A39S][CcP2] AX200 wlan module will be lost when running coldboot stress test. (FR: 3/4 units, 84/152 cycles)"
653623,SHENZHEN IP3 CENTRY INTELLIGENT TECHNOLO,,non_canonical_customer_no_title_brand,NA,SHENZHEN IP3 CENTRY INTELLIGENT TECHNOLO,2021-10-20 01:26:00,[Jasperlake][CNVI][JN10]The CNVI net adapter may fail to read SubSystem ID
653623,SHENZHEN IP3 CENTRY INTELLIGENT TECHNOLO,,non_canonical_customer_no_title_brand,NA,SHENZHEN IP3 CENTRY INTELLIGENT TECHNOLO,2021-10-20 01:26:00,[Jasperlake][CNVI][JN10]The CNVI net adapter may fail to read SubSystem ID
653623,SHENZHEN IP3 CENTRY INTELLIGENT TECHNOLO,,non_canonical_customer_no_title_brand,NA,SHENZHEN IP3 CENTRY INTELLIGENT TECHNOLO,2021-10-20 01:26:00,[Jasperlake][CNVI][JN10]The CNVI net adapter may fail to read SubSystem ID
651935,"HUAQIN TECHNOLOGY CO., LTD",,non_canonical_customer_no_title_brand,NA,"Huaqin Technology Co., Ltd",2021-10-13 20:36:00,[Realme][HUAQIN][Intel TGL][intel 9560][21H2]Intel PROSet / Wirelss WiFi soft extension driver loss (1 / 118 cycles) occurs when running warmboot / coldboot with ACPI stress tool
651935,"HUAQIN TECHNOLOGY CO., LTD",,non_canonical_customer_no_title_brand,NA,"Huaqin Technology Co., Ltd",2021-10-13 20:36:00,[Realme][HUAQIN][Intel TGL][intel 9560][21H2]Intel PROSet / Wirelss WiFi soft extension driver loss (1 / 118 cycles) occurs when running warmboot / coldboot with ACPI stress tool
651935,"HUAQIN TECHNOLOGY CO., LTD",,non_canonical_customer_no_title_brand,NA,"Huaqin Technology Co., Ltd",2021-10-13 20:36:00,[Realme][HUAQIN][Intel TGL][intel 9560][21H2]Intel PROSet / Wirelss WiFi soft extension driver loss (1 / 118 cycles) occurs when running warmboot / coldboot with ACPI stress tool
650122,PEGATRON CORPORATION,,non_canonical_customer_no_title_brand,NA,Pegatron Corporation,2021-10-06 01:41:00,[Intel NUC Hardbay/Pegatron/ADL-P]Wake on WLAN from modern standby fail on CC/FB carry board.
650122,PEGATRON CORPORATION,,non_canonical_customer_no_title_brand,NA,Pegatron Corporation,2021-10-06 01:41:00,[Intel NUC Hardbay/Pegatron/ADL-P]Wake on WLAN from modern standby fail on CC/FB carry board.
650122,PEGATRON CORPORATION,,non_canonical_customer_no_title_brand,NA,Pegatron Corporation,2021-10-06 01:41:00,[Intel NUC Hardbay/Pegatron/ADL-P]Wake on WLAN from modern standby fail on CC/FB carry board.
649873,PEGATRON CORPORATION,,non_canonical_customer_no_title_brand,NA,Pegatron Corporation,2021-10-05 01:53:00,Intel AX200 simulation model of PCIe and USB
649873,PEGATRON CORPORATION,,non_canonical_customer_no_title_brand,NA,Pegatron Corporation,2021-10-05 01:53:00,Intel AX200 simulation model of PCIe and USB
649873,PEGATRON CORPORATION,,non_canonical_customer_no_title_brand,NA,Pegatron Corporation,2021-10-05 01:53:00,Intel AX200 simulation model of PCIe and USB
649077,PEGATRON CORPORATION,,non_canonical_customer_no_title_brand,NA,Pegatron Corporation,2021-09-29 21:51:00,[MSFT Pegatron][BirchBay][ADL-P][AX211]DRTU_commend line interface issue
649077,PEGATRON CORPORATION,,non_canonical_customer_no_title_brand,NA,Pegatron Corporation,2021-09-29 21:51:00,[MSFT Pegatron][BirchBay][ADL-P][AX211]DRTU_commend line interface issue
649077,PEGATRON CORPORATION,,non_canonical_customer_no_title_brand,NA,Pegatron Corporation,2021-09-29 21:51:00,[MSFT Pegatron][BirchBay][ADL-P][AX211]DRTU_commend line interface issue
648801,JAGUAR LAND ROVER - END CUSTOMER,,non_canonical_customer_no_title_brand,NA,JAGUAR LAND ROVER - End Customer,2021-09-29 01:05:00,DRTU support for Wilkins Peak
648801,JAGUAR LAND ROVER - END CUSTOMER,,non_canonical_customer_no_title_brand,NA,JAGUAR LAND ROVER - End Customer,2021-09-29 01:05:00,DRTU support for Wilkins Peak
648801,JAGUAR LAND ROVER - END CUSTOMER,,non_canonical_customer_no_title_brand,NA,JAGUAR LAND ROVER - End Customer,2021-09-29 01:05:00,DRTU support for Wilkins Peak
648075,"COMPAL ELECTRONICS, INC.",,non_canonical_customer_no_title_brand,NA,"COMPAL ELECTRONICS, INC.",2021-09-27 01:06:00,Intel BT_22.50.0.4 version install return code:123
648075,"COMPAL ELECTRONICS, INC.",,non_canonical_customer_no_title_brand,NA,"COMPAL ELECTRONICS, INC.",2021-09-27 01:06:00,Intel BT_22.50.0.4 version install return code:123
648075,"COMPAL ELECTRONICS, INC.",,non_canonical_customer_no_title_brand,NA,"COMPAL ELECTRONICS, INC.",2021-09-27 01:06:00,Intel BT_22.50.0.4 version install return code:123
645524,PEGATRON CORPORATION,,non_canonical_customer_no_title_brand,NA,Pegatron Corporation,2021-09-14 18:36:00,[Intel NUC Wall Street Canyon/Pegatron/ADL-P]Wake on WLAN from modern standby fail
645524,PEGATRON CORPORATION,,non_canonical_customer_no_title_brand,NA,Pegatron Corporation,2021-09-14 18:36:00,[Intel NUC Wall Street Canyon/Pegatron/ADL-P]Wake on WLAN from modern standby fail
645524,PEGATRON CORPORATION,,non_canonical_customer_no_title_brand,NA,Pegatron Corporation,2021-09-14 18:36:00,[Intel NUC Wall Street Canyon/Pegatron/ADL-P]Wake on WLAN from modern standby fail
643200,QUANTA COMPUTER INC.,,non_canonical_customer_no_title_brand,NA,QUANTA COMPUTER INC.,2021-09-06 01:01:00,MSFT ODM Quanta Z93 HrP2 AX201 22.70 and 22.80 No included RLG driver
643200,QUANTA COMPUTER INC.,,non_canonical_customer_no_title_brand,NA,QUANTA COMPUTER INC.,2021-09-06 01:01:00,MSFT ODM Quanta Z93 HrP2 AX201 22.70 and 22.80 No included RLG driver
643200,QUANTA COMPUTER INC.,,non_canonical_customer_no_title_brand,NA,QUANTA COMPUTER INC.,2021-09-06 01:01:00,MSFT ODM Quanta Z93 HrP2 AX201 22.70 and 22.80 No included RLG driver
641217,WISTRON CORPORATION,,non_canonical_customer_no_title_brand,NA,WISTRON CORPORATION,2021-08-27 01:51:00,[Millennio] AX211 SAR Power setting check
641217,WISTRON CORPORATION,,non_canonical_customer_no_title_brand,NA,WISTRON CORPORATION,2021-08-27 01:51:00,[Millennio] AX211 SAR Power setting check
641217,WISTRON CORPORATION,,non_canonical_customer_no_title_brand,NA,WISTRON CORPORATION,2021-08-27 01:51:00,[Millennio] AX211 SAR Power setting check
637529,"SHENZHEN BITLAND INFORMATION TECHNOLOGYCO., LTD.",,non_canonical_customer_no_title_brand,NA,"SHENZHEN BITLAND INFORMATION TECHNOLOGYCO., LTD.",2021-08-13 04:45:00,[Unis][bitland][TianJian-Lake][I5-11400][Intel®  Wireless-AC 9462][ Intel®  Wi-Fi 6 AX201 160MHz][20H2][100% F/R 7/7]External Intel network card blue screen
637529,"SHENZHEN BITLAND INFORMATION TECHNOLOGYCO., LTD.",,non_canonical_customer_no_title_brand,NA,"SHENZHEN BITLAND INFORMATION TECHNOLOGYCO., LTD.",2021-08-13 04:45:00,[Unis][bitland][TianJian-Lake][I5-11400][Intel®  Wireless-AC 9462][ Intel®  Wi-Fi 6 AX201 160MHz][20H2][100% F/R 7/7]External Intel network card blue screen
637529,"SHENZHEN BITLAND INFORMATION TECHNOLOGYCO., LTD.",,non_canonical_customer_no_title_brand,NA,"SHENZHEN BITLAND INFORMATION TECHNOLOGYCO., LTD.",2021-08-13 04:45:00,[Unis][bitland][TianJian-Lake][I5-11400][Intel®  Wireless-AC 9462][ Intel®  Wi-Fi 6 AX201 160MHz][20H2][100% F/R 7/7]External Intel network card blue screen
635281,FAYTECH AG,,non_canonical_customer_no_title_brand,NA,Faytech AG,2021-08-04 18:27:00,Needs DRTU software of AC3168NGW
635281,FAYTECH AG,,non_canonical_customer_no_title_brand,NA,Faytech AG,2021-08-04 18:27:00,Needs DRTU software of AC3168NGW
635281,FAYTECH AG,,non_canonical_customer_no_title_brand,NA,Faytech AG,2021-08-04 18:27:00,Needs DRTU software of AC3168NGW
634592,"SHENZHEN EMDOOR ELECTRONIC TECHNOLOGY CO., LTD.",,non_canonical_customer_no_title_brand,NA,"SHENZHEN EMDOOR ELECTRONIC TECHNOLOGY CO., LTD.",2021-08-02 22:45:00,Customer want to customize Bluetooth manufacture name and LMP Subversion
634592,"SHENZHEN EMDOOR ELECTRONIC TECHNOLOGY CO., LTD.",,non_canonical_customer_no_title_brand,NA,"SHENZHEN EMDOOR ELECTRONIC TECHNOLOGY CO., LTD.",2021-08-02 22:45:00,Customer want to customize Bluetooth manufacture name and LMP Subversion
634592,"SHENZHEN EMDOOR ELECTRONIC TECHNOLOGY CO., LTD.",,non_canonical_customer_no_title_brand,NA,"SHENZHEN EMDOOR ELECTRONIC TECHNOLOGY CO., LTD.",2021-08-02 22:45:00,Customer want to customize Bluetooth manufacture name and LMP Subversion
631963,WISTRON CORPORATION,,non_canonical_customer_no_title_brand,WISTRON CORPORATION,WISTRON CORPORATION,2021-07-22 05:33:00,Wistorn Odin NV16H DRTU_642688_ Wifi can not enable in the Win11
629690,"SHENZHEN EMDOOR ELECTRONIC TECHNOLOGY CO., LTD.",,non_canonical_customer_no_title_brand,NA,"SHENZHEN EMDOOR ELECTRONIC TECHNOLOGY CO., LTD.",2021-07-14 01:50:00,[EMDOOR][GLK][AC9461]BT BQB profile test: AVRCP TG--MPS test fail
629690,"SHENZHEN EMDOOR ELECTRONIC TECHNOLOGY CO., LTD.",,non_canonical_customer_no_title_brand,NA,"SHENZHEN EMDOOR ELECTRONIC TECHNOLOGY CO., LTD.",2021-07-14 01:50:00,[EMDOOR][GLK][AC9461]BT BQB profile test: AVRCP TG--MPS test fail
629690,"SHENZHEN EMDOOR ELECTRONIC TECHNOLOGY CO., LTD.",,non_canonical_customer_no_title_brand,NA,"SHENZHEN EMDOOR ELECTRONIC TECHNOLOGY CO., LTD.",2021-07-14 01:50:00,[EMDOOR][GLK][AC9461]BT BQB profile test: AVRCP TG--MPS test fail
628884,QUANTA COMPUTER INC.,,non_canonical_customer_no_title_brand,NA,QUANTA COMPUTER INC.,2021-07-11 21:23:00,MSFT ODM Quanta Z93 HrP2 AX201 22.60.0.6 DRTU remote fialed for BLE
628884,QUANTA COMPUTER INC.,,non_canonical_customer_no_title_brand,NA,QUANTA COMPUTER INC.,2021-07-11 21:23:00,MSFT ODM Quanta Z93 HrP2 AX201 22.60.0.6 DRTU remote fialed for BLE
628884,QUANTA COMPUTER INC.,,non_canonical_customer_no_title_brand,NA,QUANTA COMPUTER INC.,2021-07-11 21:23:00,MSFT ODM Quanta Z93 HrP2 AX201 22.60.0.6 DRTU remote fialed for BLE
628815,PEGATRON CORPORATION,,non_canonical_customer_no_title_brand,NA,Pegatron Corporation,2021-07-11 03:42:00,[B1400/B1500CEAE X435EA][TGL][AX201.D2WG.NVW 999TDN][22.40.0.7]Intel AX201??????????
628815,PEGATRON CORPORATION,,non_canonical_customer_no_title_brand,NA,Pegatron Corporation,2021-07-11 03:42:00,[B1400/B1500CEAE X435EA][TGL][AX201.D2WG.NVW 999TDN][22.40.0.7]Intel AX201??????????
628815,PEGATRON CORPORATION,,non_canonical_customer_no_title_brand,NA,Pegatron Corporation,2021-07-11 03:42:00,[B1400/B1500CEAE X435EA][TGL][AX201.D2WG.NVW 999TDN][22.40.0.7]Intel AX201??????????
628162,GUANGDONG OPPO MOBILE TELECOMMUNICATIONSCORP. LTD.,,non_canonical_customer_no_title_brand,NA,GUANGDONG OPPO MOBILE TELECOMMUNICATIONSCORP. LTD.,2021-07-07 20:54:00,???GC??PC???GO?????????10??????
628162,GUANGDONG OPPO MOBILE TELECOMMUNICATIONSCORP. LTD.,,non_canonical_customer_no_title_brand,NA,GUANGDONG OPPO MOBILE TELECOMMUNICATIONSCORP. LTD.,2021-07-07 20:54:00,???GC??PC???GO?????????10??????
628162,GUANGDONG OPPO MOBILE TELECOMMUNICATIONSCORP. LTD.,,non_canonical_customer_no_title_brand,NA,GUANGDONG OPPO MOBILE TELECOMMUNICATIONSCORP. LTD.,2021-07-07 20:54:00,???GC??PC???GO?????????10??????
627952,PEGATRON CORPORATION,,non_canonical_customer_no_title_brand,NA,Pegatron Corporation,2021-07-07 02:39:00,[Intel NUC Wall Street Canyon/Pegatron/ADL-P]system cannot wake from Modern Standby by magic packet with AX200 wifi card
627952,PEGATRON CORPORATION,,non_canonical_customer_no_title_brand,NA,Pegatron Corporation,2021-07-07 02:39:00,[Intel NUC Wall Street Canyon/Pegatron/ADL-P]system cannot wake from Modern Standby by magic packet with AX200 wifi card
627952,PEGATRON CORPORATION,,non_canonical_customer_no_title_brand,NA,Pegatron Corporation,2021-07-07 02:39:00,[Intel NUC Wall Street Canyon/Pegatron/ADL-P]system cannot wake from Modern Standby by magic packet with AX200 wifi card
627586,DYNABOOK INC.,,non_canonical_customer_no_title_brand,NA,Dynabook Inc.,2021-07-06 03:47:00,[Dynabook] [Win10] Unable to search for WLAN APs after reboot machine with HrP2 2nd source Unit when testing AMT function
627586,DYNABOOK INC.,,non_canonical_customer_no_title_brand,NA,Dynabook Inc.,2021-07-06 03:47:00,[Dynabook] [Win10] Unable to search for WLAN APs after reboot machine with HrP2 2nd source Unit when testing AMT function
627586,DYNABOOK INC.,,non_canonical_customer_no_title_brand,NA,Dynabook Inc.,2021-07-06 03:47:00,[Dynabook] [Win10] Unable to search for WLAN APs after reboot machine with HrP2 2nd source Unit when testing AMT function
625414,"HUAQIN TECHNOLOGY CO., LTD",,non_canonical_customer_no_title_brand,NA,"Huaqin Technology Co., Ltd",2021-06-27 23:35:00,[Realme][HUAQIN][Intel TGL][Intel ax201/intel 9560][21H1]To try again click the black arrow is displayed on DUT B when DUT A use Bluetooth to transfer files to DUT B. (FR:5%).
625414,"HUAQIN TECHNOLOGY CO., LTD",,non_canonical_customer_no_title_brand,NA,"Huaqin Technology Co., Ltd",2021-06-27 23:35:00,[Realme][HUAQIN][Intel TGL][Intel ax201/intel 9560][21H1]To try again click the black arrow is displayed on DUT B when DUT A use Bluetooth to transfer files to DUT B. (FR:5%).
625414,"HUAQIN TECHNOLOGY CO., LTD",,non_canonical_customer_no_title_brand,NA,"Huaqin Technology Co., Ltd",2021-06-27 23:35:00,[Realme][HUAQIN][Intel TGL][Intel ax201/intel 9560][21H1]To try again click the black arrow is displayed on DUT B when DUT A use Bluetooth to transfer files to DUT B. (FR:5%).
625127,PEGATRON CORPORATION,,non_canonical_customer_no_title_brand,NA,Pegatron Corporation,2021-06-25 02:02:00,Intel CNVI Schematic?WLAN Module Layout Review
625127,PEGATRON CORPORATION,,non_canonical_customer_no_title_brand,NA,Pegatron Corporation,2021-06-25 02:02:00,Intel CNVI Schematic?WLAN Module Layout Review
625127,PEGATRON CORPORATION,,non_canonical_customer_no_title_brand,NA,Pegatron Corporation,2021-06-25 02:02:00,Intel CNVI Schematic?WLAN Module Layout Review
622656,AISTONE,,non_canonical_customer_no_title_brand,NA,AIstone,2021-06-15 18:29:00,[SPG][Whitebook][TGL-H][King County] BSOD when running cold boot and warm boot
622656,AISTONE,,non_canonical_customer_no_title_brand,NA,AIstone,2021-06-15 18:29:00,[SPG][Whitebook][TGL-H][King County] BSOD when running cold boot and warm boot
622656,AISTONE,,non_canonical_customer_no_title_brand,NA,AIstone,2021-06-15 18:29:00,[SPG][Whitebook][TGL-H][King County] BSOD when running cold boot and warm boot
617539,"HUAQIN TECHNOLOGY CO., LTD",,non_canonical_customer_no_title_brand,NA,"Huaqin Technology Co., Ltd",2021-05-25 02:00:00,"[Realme][HUAQIN][Intel TGL][Intel AX201&Intel 9560][21H1]Bluetooth pairing failure display ""That didn't work.Make sure your Bluetooth device is still discoverable,then try again"""
617539,"HUAQIN TECHNOLOGY CO., LTD",,non_canonical_customer_no_title_brand,NA,"Huaqin Technology Co., Ltd",2021-05-25 02:00:00,"[Realme][HUAQIN][Intel TGL][Intel AX201&Intel 9560][21H1]Bluetooth pairing failure display ""That didn't work.Make sure your Bluetooth device is still discoverable,then try again"""
617539,"HUAQIN TECHNOLOGY CO., LTD",,non_canonical_customer_no_title_brand,NA,"Huaqin Technology Co., Ltd",2021-05-25 02:00:00,"[Realme][HUAQIN][Intel TGL][Intel AX201&Intel 9560][21H1]Bluetooth pairing failure display ""That didn't work.Make sure your Bluetooth device is still discoverable,then try again"""
617153,"COMPAL ELECTRONICS, INC.",,non_canonical_customer_no_title_brand,NA,"COMPAL ELECTRONICS, INC.",2021-05-24 01:32:00,intel9560 fail RSSI on ice lake platform
617153,"COMPAL ELECTRONICS, INC.",,non_canonical_customer_no_title_brand,NA,"COMPAL ELECTRONICS, INC.",2021-05-24 01:32:00,intel9560 fail RSSI on ice lake platform
617153,"COMPAL ELECTRONICS, INC.",,non_canonical_customer_no_title_brand,NA,"COMPAL ELECTRONICS, INC.",2021-05-24 01:32:00,intel9560 fail RSSI on ice lake platform
616605,"HUAQIN TECHNOLOGY CO., LTD",,non_canonical_customer_no_title_brand,NA,"Huaqin Technology Co., Ltd",2021-05-20 07:18:00,[Realme][HUAQIN][Intel TGL][Intel ax201/intel 9560][21H1] Bluetooth mouse and Bluetooth audio device automatically disconnect during play online video(FR:10%).
616605,"HUAQIN TECHNOLOGY CO., LTD",,non_canonical_customer_no_title_brand,NA,"Huaqin Technology Co., Ltd",2021-05-20 07:18:00,[Realme][HUAQIN][Intel TGL][Intel ax201/intel 9560][21H1] Bluetooth mouse and Bluetooth audio device automatically disconnect during play online video(FR:10%).
616605,"HUAQIN TECHNOLOGY CO., LTD",,non_canonical_customer_no_title_brand,NA,"Huaqin Technology Co., Ltd",2021-05-20 07:18:00,[Realme][HUAQIN][Intel TGL][Intel ax201/intel 9560][21H1] Bluetooth mouse and Bluetooth audio device automatically disconnect during play online video(FR:10%).
616446,"HUAQIN TECHNOLOGY CO., LTD",,non_canonical_customer_no_title_brand,NA,"Huaqin Technology Co., Ltd",2021-05-20 00:02:00,[HUAQIN][NB2757][Intel TGL][Intel VGA Audio[20H2]Found record APP will cannot record during use BT headset listen to music/record and then switch to USB headset to listen music/record
616446,"HUAQIN TECHNOLOGY CO., LTD",,non_canonical_customer_no_title_brand,NA,"Huaqin Technology Co., Ltd",2021-05-20 00:02:00,[HUAQIN][NB2757][Intel TGL][Intel VGA Audio[20H2]Found record APP will cannot record during use BT headset listen to music/record and then switch to USB headset to listen music/record
616446,"HUAQIN TECHNOLOGY CO., LTD",,non_canonical_customer_no_title_brand,NA,"Huaqin Technology Co., Ltd",2021-05-20 00:02:00,[HUAQIN][NB2757][Intel TGL][Intel VGA Audio[20H2]Found record APP will cannot record during use BT headset listen to music/record and then switch to USB headset to listen music/record
616363,"HUAQIN TECHNOLOGY CO., LTD",,non_canonical_customer_no_title_brand,NA,"Huaqin Technology Co., Ltd",2021-05-19 19:02:00,[Realme][HUAQIN][Intel TGL][Intel ax201/intel 9560][21H1]To repeat turn on/off Bluetooth in setting UI and  the  bluetooth audio cannot be reconnected. (FR:40%).
616363,"HUAQIN TECHNOLOGY CO., LTD",,non_canonical_customer_no_title_brand,NA,"Huaqin Technology Co., Ltd",2021-05-19 19:02:00,[Realme][HUAQIN][Intel TGL][Intel ax201/intel 9560][21H1]To repeat turn on/off Bluetooth in setting UI and  the  bluetooth audio cannot be reconnected. (FR:40%).
616363,"HUAQIN TECHNOLOGY CO., LTD",,non_canonical_customer_no_title_brand,NA,"Huaqin Technology Co., Ltd",2021-05-19 19:02:00,[Realme][HUAQIN][Intel TGL][Intel ax201/intel 9560][21H1]To repeat turn on/off Bluetooth in setting UI and  the  bluetooth audio cannot be reconnected. (FR:40%).
616209,"HUAQIN TECHNOLOGY CO., LTD",,non_canonical_customer_no_title_brand,NA,"Huaqin Technology Co., Ltd",2021-05-19 02:39:00,[Realme][HUAQIN][Intel TGL][Intel ax201/intel 9560][21H1]To repeat turn on/off Bluetooth in setting UI and  the paired bluetooth mouse and keyboard are lost . (FR:10%)
616209,"HUAQIN TECHNOLOGY CO., LTD",,non_canonical_customer_no_title_brand,NA,"Huaqin Technology Co., Ltd",2021-05-19 02:39:00,[Realme][HUAQIN][Intel TGL][Intel ax201/intel 9560][21H1]To repeat turn on/off Bluetooth in setting UI and  the paired bluetooth mouse and keyboard are lost . (FR:10%)
616209,"HUAQIN TECHNOLOGY CO., LTD",,non_canonical_customer_no_title_brand,NA,"Huaqin Technology Co., Ltd",2021-05-19 02:39:00,[Realme][HUAQIN][Intel TGL][Intel ax201/intel 9560][21H1]To repeat turn on/off Bluetooth in setting UI and  the paired bluetooth mouse and keyboard are lost . (FR:10%)
615926,"HUAQIN TECHNOLOGY CO., LTD",,non_canonical_customer_no_title_brand,NA,"Huaqin Technology Co., Ltd",2021-05-18 07:04:00,"[Realme][HUAQIN][Intel TGL][Intel ax201/intel 9560][21H1]DUT prompts ""try connecting your device again"" when DUT searches the Bluetooth headset and connect it ,connecting devce again and the device does not respond"
615926,"HUAQIN TECHNOLOGY CO., LTD",,non_canonical_customer_no_title_brand,NA,"Huaqin Technology Co., Ltd",2021-05-18 07:04:00,"[Realme][HUAQIN][Intel TGL][Intel ax201/intel 9560][21H1]DUT prompts ""try connecting your device again"" when DUT searches the Bluetooth headset and connect it ,connecting devce again and the device does not respond"
615926,"HUAQIN TECHNOLOGY CO., LTD",,non_canonical_customer_no_title_brand,NA,"Huaqin Technology Co., Ltd",2021-05-18 07:04:00,"[Realme][HUAQIN][Intel TGL][Intel ax201/intel 9560][21H1]DUT prompts ""try connecting your device again"" when DUT searches the Bluetooth headset and connect it ,connecting devce again and the device does not respond"
615914,"HUAQIN TECHNOLOGY CO., LTD",,non_canonical_customer_no_title_brand,NA,"Huaqin Technology Co., Ltd",2021-05-18 05:39:00,"[Realme][HUAQIN][Intel TGL][Intel ax201/intel 9560][21H1]DUT and mobile phone paired successfully,the phone will pop up "" Bluetooth pairing request"" prompt box after a while.    F/R:1/1units 8/10 Cycles"
615914,"HUAQIN TECHNOLOGY CO., LTD",,non_canonical_customer_no_title_brand,NA,"Huaqin Technology Co., Ltd",2021-05-18 05:39:00,"[Realme][HUAQIN][Intel TGL][Intel ax201/intel 9560][21H1]DUT and mobile phone paired successfully,the phone will pop up "" Bluetooth pairing request"" prompt box after a while.    F/R:1/1units 8/10 Cycles"
615914,"HUAQIN TECHNOLOGY CO., LTD",,non_canonical_customer_no_title_brand,NA,"Huaqin Technology Co., Ltd",2021-05-18 05:39:00,"[Realme][HUAQIN][Intel TGL][Intel ax201/intel 9560][21H1]DUT and mobile phone paired successfully,the phone will pop up "" Bluetooth pairing request"" prompt box after a while.    F/R:1/1units 8/10 Cycles"
615913,GUANGDONG OPPO MOBILE TELECOMMUNICATIONSCORP. LTD.,,non_canonical_customer_no_title_brand,NA,GUANGDONG OPPO MOBILE TELECOMMUNICATIONSCORP. LTD.,2021-05-18 05:35:00,hcitool.exe???win10 19042???legency???hcitool.exe????18362???extend??
615913,GUANGDONG OPPO MOBILE TELECOMMUNICATIONSCORP. LTD.,,non_canonical_customer_no_title_brand,NA,GUANGDONG OPPO MOBILE TELECOMMUNICATIONSCORP. LTD.,2021-05-18 05:35:00,hcitool.exe???win10 19042???legency???hcitool.exe????18362???extend??
615913,GUANGDONG OPPO MOBILE TELECOMMUNICATIONSCORP. LTD.,,non_canonical_customer_no_title_brand,NA,GUANGDONG OPPO MOBILE TELECOMMUNICATIONSCORP. LTD.,2021-05-18 05:35:00,hcitool.exe???win10 19042???legency???hcitool.exe????18362???extend??
615908,GUANGDONG OPPO MOBILE TELECOMMUNICATIONSCORP. LTD.,,non_canonical_customer_no_title_brand,NA,GUANGDONG OPPO MOBILE TELECOMMUNICATIONSCORP. LTD.,2021-05-18 05:13:00,????uwp????Intel???????BLE?????
615908,GUANGDONG OPPO MOBILE TELECOMMUNICATIONSCORP. LTD.,,non_canonical_customer_no_title_brand,NA,GUANGDONG OPPO MOBILE TELECOMMUNICATIONSCORP. LTD.,2021-05-18 05:13:00,????uwp????Intel???????BLE?????
615908,GUANGDONG OPPO MOBILE TELECOMMUNICATIONSCORP. LTD.,,non_canonical_customer_no_title_brand,NA,GUANGDONG OPPO MOBILE TELECOMMUNICATIONSCORP. LTD.,2021-05-18 05:13:00,????uwp????Intel???????BLE?????
615555,"HUAQIN TECHNOLOGY CO., LTD",,non_canonical_customer_no_title_brand,NA,"Huaqin Technology Co., Ltd",2021-05-17 05:55:00,"[Realme][HUAQIN][Intel TGL][Intel ax201/intel 9560][21H1]Add bluetooth device on the Control Panel and it will be displayed ""Try again make sure your laptop is still discover able""  F/R:1/1units 2/10 Cycles"
615555,"HUAQIN TECHNOLOGY CO., LTD",,non_canonical_customer_no_title_brand,NA,"Huaqin Technology Co., Ltd",2021-05-17 05:55:00,"[Realme][HUAQIN][Intel TGL][Intel ax201/intel 9560][21H1]Add bluetooth device on the Control Panel and it will be displayed ""Try again make sure your laptop is still discover able""  F/R:1/1units 2/10 Cycles"
615555,"HUAQIN TECHNOLOGY CO., LTD",,non_canonical_customer_no_title_brand,NA,"Huaqin Technology Co., Ltd",2021-05-17 05:55:00,"[Realme][HUAQIN][Intel TGL][Intel ax201/intel 9560][21H1]Add bluetooth device on the Control Panel and it will be displayed ""Try again make sure your laptop is still discover able""  F/R:1/1units 2/10 Cycles"
615540,"HUAQIN TECHNOLOGY CO., LTD",,non_canonical_customer_no_title_brand,NA,"Huaqin Technology Co., Ltd",2021-05-17 04:58:00,[Realme][HUAQIN][Intel TGL][Intel ax201/intel 9560][21H1]The play effect is a bit stuck during the DUT uses Bluetooth audio device to play music or video
615540,"HUAQIN TECHNOLOGY CO., LTD",,non_canonical_customer_no_title_brand,NA,"Huaqin Technology Co., Ltd",2021-05-17 04:58:00,[Realme][HUAQIN][Intel TGL][Intel ax201/intel 9560][21H1]The play effect is a bit stuck during the DUT uses Bluetooth audio device to play music or video
615540,"HUAQIN TECHNOLOGY CO., LTD",,non_canonical_customer_no_title_brand,NA,"Huaqin Technology Co., Ltd",2021-05-17 04:58:00,[Realme][HUAQIN][Intel TGL][Intel ax201/intel 9560][21H1]The play effect is a bit stuck during the DUT uses Bluetooth audio device to play music or video
610084,"HUAQIN TECHNOLOGY CO., LTD",,non_canonical_customer_no_title_brand,NA,"Huaqin Technology Co., Ltd",2021-04-23 02:42:00,[Realme][HUAQIN][Intel TGL][Intel 9560][20H2]5G Mobile hotspots cannot be turned on when connecting to a wired network
610084,"HUAQIN TECHNOLOGY CO., LTD",,non_canonical_customer_no_title_brand,NA,"Huaqin Technology Co., Ltd",2021-04-23 02:42:00,[Realme][HUAQIN][Intel TGL][Intel 9560][20H2]5G Mobile hotspots cannot be turned on when connecting to a wired network
610084,"HUAQIN TECHNOLOGY CO., LTD",,non_canonical_customer_no_title_brand,NA,"Huaqin Technology Co., Ltd",2021-04-23 02:42:00,[Realme][HUAQIN][Intel TGL][Intel 9560][20H2]5G Mobile hotspots cannot be turned on when connecting to a wired network
608051,DYNABOOK INC.,,non_canonical_customer_no_title_brand,NA,Dynabook Inc.,2021-04-15 23:49:00,[Dynabook][20H2]Bluetooth Hands Free feature of dynabook Smartphone Link App cannot work while BT Offload enabled.
608051,DYNABOOK INC.,,non_canonical_customer_no_title_brand,NA,Dynabook Inc.,2021-04-15 23:49:00,[Dynabook][20H2]Bluetooth Hands Free feature of dynabook Smartphone Link App cannot work while BT Offload enabled.
608051,DYNABOOK INC.,,non_canonical_customer_no_title_brand,NA,Dynabook Inc.,2021-04-15 23:49:00,[Dynabook][20H2]Bluetooth Hands Free feature of dynabook Smartphone Link App cannot work while BT Offload enabled.
607874,"HUAQIN TECHNOLOGY CO., LTD",,non_canonical_customer_no_title_brand,NA,"Huaqin Technology Co., Ltd",2021-04-15 06:57:00,"[Realme][HUAQIN][Intel TGL][Intel AX201][20H2]Using Miracast to play Internet Video ,close wifi of DUT , the screen will be black for 0.5s."
607874,"HUAQIN TECHNOLOGY CO., LTD",,non_canonical_customer_no_title_brand,NA,"Huaqin Technology Co., Ltd",2021-04-15 06:57:00,"[Realme][HUAQIN][Intel TGL][Intel AX201][20H2]Using Miracast to play Internet Video ,close wifi of DUT , the screen will be black for 0.5s."
607874,"HUAQIN TECHNOLOGY CO., LTD",,non_canonical_customer_no_title_brand,NA,"Huaqin Technology Co., Ltd",2021-04-15 06:57:00,"[Realme][HUAQIN][Intel TGL][Intel AX201][20H2]Using Miracast to play Internet Video ,close wifi of DUT , the screen will be black for 0.5s."
606915,WISTRON CORPORATION,,non_canonical_customer_no_title_brand,NA,WISTRON CORPORATION,2021-04-12 21:50:00,Intel Project Athena issue
606915,WISTRON CORPORATION,,non_canonical_customer_no_title_brand,NA,WISTRON CORPORATION,2021-04-12 21:50:00,Intel Project Athena issue
606915,WISTRON CORPORATION,,non_canonical_customer_no_title_brand,NA,WISTRON CORPORATION,2021-04-12 21:50:00,Intel Project Athena issue
606642,"SHENZHEN BITLAND INFORMATION TECHNOLOGYCO., LTD.",,non_canonical_customer_no_title_brand,NA,"SHENZHEN BITLAND INFORMATION TECHNOLOGYCO., LTD.",2021-04-12 00:27:00,[DT03][Bitland-SZ] AX201 OTA_TX power Issue Debug
606642,"SHENZHEN BITLAND INFORMATION TECHNOLOGYCO., LTD.",,non_canonical_customer_no_title_brand,NA,"SHENZHEN BITLAND INFORMATION TECHNOLOGYCO., LTD.",2021-04-12 00:27:00,[DT03][Bitland-SZ] AX201 OTA_TX power Issue Debug
606642,"SHENZHEN BITLAND INFORMATION TECHNOLOGYCO., LTD.",,non_canonical_customer_no_title_brand,NA,"SHENZHEN BITLAND INFORMATION TECHNOLOGYCO., LTD.",2021-04-12 00:27:00,[DT03][Bitland-SZ] AX201 OTA_TX power Issue Debug
606548,"COMPAL ELECTRONICS, INC.",,non_canonical_customer_no_title_brand,NA,"COMPAL ELECTRONICS, INC.",2021-04-11 20:02:00,intel9560 read incorrect device name on jasper lake
606548,"COMPAL ELECTRONICS, INC.",,non_canonical_customer_no_title_brand,NA,"COMPAL ELECTRONICS, INC.",2021-04-11 20:02:00,intel9560 read incorrect device name on jasper lake
606548,"COMPAL ELECTRONICS, INC.",,non_canonical_customer_no_title_brand,NA,"COMPAL ELECTRONICS, INC.",2021-04-11 20:02:00,intel9560 read incorrect device name on jasper lake
604057,"COMPAL ELECTRONICS, INC.",,non_canonical_customer_no_title_brand,NA,"COMPAL ELECTRONICS, INC.",2021-03-30 22:03:00,[UNIS] [Compal][UNIS_Slinky][Tiger Lake][AX201][20H2] BT show yellow bang after discharge to enter critical level and resume from S4
604057,"COMPAL ELECTRONICS, INC.",,non_canonical_customer_no_title_brand,NA,"COMPAL ELECTRONICS, INC.",2021-03-30 22:03:00,[UNIS] [Compal][UNIS_Slinky][Tiger Lake][AX201][20H2] BT show yellow bang after discharge to enter critical level and resume from S4
604057,"COMPAL ELECTRONICS, INC.",,non_canonical_customer_no_title_brand,NA,"COMPAL ELECTRONICS, INC.",2021-03-30 22:03:00,[UNIS] [Compal][UNIS_Slinky][Tiger Lake][AX201][20H2] BT show yellow bang after discharge to enter critical level and resume from S4
601959,"HUAQIN TECHNOLOGY CO., LTD",,non_canonical_customer_no_title_brand,NA,"Huaqin Technology Co., Ltd",2021-03-23 19:48:00,[Realme][HUAQIN][Intel TGL][Intel ax200/intel 9560][20H2]Whether same configuration for BIOS of WIFI
601959,"HUAQIN TECHNOLOGY CO., LTD",,non_canonical_customer_no_title_brand,NA,"Huaqin Technology Co., Ltd",2021-03-23 19:48:00,[Realme][HUAQIN][Intel TGL][Intel ax200/intel 9560][20H2]Whether same configuration for BIOS of WIFI
601959,"HUAQIN TECHNOLOGY CO., LTD",,non_canonical_customer_no_title_brand,NA,"Huaqin Technology Co., Ltd",2021-03-23 19:48:00,[Realme][HUAQIN][Intel TGL][Intel ax200/intel 9560][20H2]Whether same configuration for BIOS of WIFI
600057,AISTONE,,non_canonical_customer_no_title_brand,NA,AIstone,2021-03-16 19:39:00,[SPG][Whitebook][TGL-H][King County] The SW/HW DRIPS OF Modern Standby can't meet Spec when Hotspot shared over Bluetooth.
600057,AISTONE,,non_canonical_customer_no_title_brand,NA,AIstone,2021-03-16 19:39:00,[SPG][Whitebook][TGL-H][King County] The SW/HW DRIPS OF Modern Standby can't meet Spec when Hotspot shared over Bluetooth.
600057,AISTONE,,non_canonical_customer_no_title_brand,NA,AIstone,2021-03-16 19:39:00,[SPG][Whitebook][TGL-H][King County] The SW/HW DRIPS OF Modern Standby can't meet Spec when Hotspot shared over Bluetooth.
598681,QUANTA COMPUTER INC.,,non_canonical_customer_no_title_brand,NA,QUANTA COMPUTER INC.,2021-03-11 00:59:00,WLAN can't wake up from S4/S5 (magic tool).
598681,QUANTA COMPUTER INC.,,non_canonical_customer_no_title_brand,NA,QUANTA COMPUTER INC.,2021-03-11 00:59:00,WLAN can't wake up from S4/S5 (magic tool).
598681,QUANTA COMPUTER INC.,,non_canonical_customer_no_title_brand,NA,QUANTA COMPUTER INC.,2021-03-11 00:59:00,WLAN can't wake up from S4/S5 (magic tool).
597966,"COMPAL ELECTRONICS, INC.",,non_canonical_customer_no_title_brand,NA,"COMPAL ELECTRONICS, INC.",2021-03-09 01:08:00,"[UNIS] [Compal][UNIS_Slinky][Tiger Lake][AX201][20H2]Stress_Copy compare(WLAN), Unit show abnormal shut down.(F/R:4/48)"
597966,"COMPAL ELECTRONICS, INC.",,non_canonical_customer_no_title_brand,NA,"COMPAL ELECTRONICS, INC.",2021-03-09 01:08:00,"[UNIS] [Compal][UNIS_Slinky][Tiger Lake][AX201][20H2]Stress_Copy compare(WLAN), Unit show abnormal shut down.(F/R:4/48)"
597966,"COMPAL ELECTRONICS, INC.",,non_canonical_customer_no_title_brand,NA,"COMPAL ELECTRONICS, INC.",2021-03-09 01:08:00,"[UNIS] [Compal][UNIS_Slinky][Tiger Lake][AX201][20H2]Stress_Copy compare(WLAN), Unit show abnormal shut down.(F/R:4/48)"
596547,QUANTA COMPUTER INC.,,non_canonical_customer_no_title_brand,NA,QUANTA COMPUTER INC.,2021-03-03 02:16:00,Error message when run Ant tool
596547,QUANTA COMPUTER INC.,,non_canonical_customer_no_title_brand,NA,QUANTA COMPUTER INC.,2021-03-03 02:16:00,Error message when run Ant tool
596547,QUANTA COMPUTER INC.,,non_canonical_customer_no_title_brand,NA,QUANTA COMPUTER INC.,2021-03-03 02:16:00,Error message when run Ant tool
596168,SHENZHEN IP3 CENTRY INTELLIGENT TECHNOLO,,non_canonical_customer_no_title_brand,NA,SHENZHEN IP3 CENTRY INTELLIGENT TECHNOLO,2021-03-02 01:40:00,[IP3][TGL-H35][AX201D2W] BT yellow band during reboot cycling test
596168,SHENZHEN IP3 CENTRY INTELLIGENT TECHNOLO,,non_canonical_customer_no_title_brand,NA,SHENZHEN IP3 CENTRY INTELLIGENT TECHNOLO,2021-03-02 01:40:00,[IP3][TGL-H35][AX201D2W] BT yellow band during reboot cycling test
596168,SHENZHEN IP3 CENTRY INTELLIGENT TECHNOLO,,non_canonical_customer_no_title_brand,NA,SHENZHEN IP3 CENTRY INTELLIGENT TECHNOLO,2021-03-02 01:40:00,[IP3][TGL-H35][AX201D2W] BT yellow band during reboot cycling test
593918,QUANTA COMPUTER INC.,,non_canonical_customer_no_title_brand,NA,QUANTA COMPUTER INC.,2021-02-21 18:19:00,"Kona Alisan AML-Y_CcP 1216(22.20.0.6) - [Intel][ODT]:""Intel Wireless Bluetooth"" is Yellow Bang in Device manager"
593918,QUANTA COMPUTER INC.,,non_canonical_customer_no_title_brand,NA,QUANTA COMPUTER INC.,2021-02-21 18:19:00,"Kona Alisan AML-Y_CcP 1216(22.20.0.6) - [Intel][ODT]:""Intel Wireless Bluetooth"" is Yellow Bang in Device manager"
593918,QUANTA COMPUTER INC.,,non_canonical_customer_no_title_brand,NA,QUANTA COMPUTER INC.,2021-02-21 18:19:00,"Kona Alisan AML-Y_CcP 1216(22.20.0.6) - [Intel][ODT]:""Intel Wireless Bluetooth"" is Yellow Bang in Device manager"
591866,"COMPAL ELECTRONICS, INC.",,non_canonical_customer_no_title_brand,NA,"COMPAL ELECTRONICS, INC.",2021-02-07 22:59:00,[Andrews][RF] SAR Table Not Change Issue
591866,"COMPAL ELECTRONICS, INC.",,non_canonical_customer_no_title_brand,NA,"COMPAL ELECTRONICS, INC.",2021-02-07 22:59:00,[Andrews][RF] SAR Table Not Change Issue
591866,"COMPAL ELECTRONICS, INC.",,non_canonical_customer_no_title_brand,NA,"COMPAL ELECTRONICS, INC.",2021-02-07 22:59:00,[Andrews][RF] SAR Table Not Change Issue
589946,WISTRON CORPORATION,,non_canonical_customer_no_title_brand,NA,WISTRON CORPORATION,2021-01-31 17:34:00,"[ThinkPad JP][Wistron][ThinkPad X1 Extreme Gen 4][TGL-H][AX210][20H2][100%]For Cheetah-1 FVT machines, SUT will auto disconnect after 2mins when connect two PC by bluetooth"
589946,WISTRON CORPORATION,,non_canonical_customer_no_title_brand,NA,WISTRON CORPORATION,2021-01-31 17:34:00,"[ThinkPad JP][Wistron][ThinkPad X1 Extreme Gen 4][TGL-H][AX210][20H2][100%]For Cheetah-1 FVT machines, SUT will auto disconnect after 2mins when connect two PC by bluetooth"
589946,WISTRON CORPORATION,,non_canonical_customer_no_title_brand,NA,WISTRON CORPORATION,2021-01-31 17:34:00,"[ThinkPad JP][Wistron][ThinkPad X1 Extreme Gen 4][TGL-H][AX210][20H2][100%]For Cheetah-1 FVT machines, SUT will auto disconnect after 2mins when connect two PC by bluetooth"
589001,"SHENZHEN EMDOOR ELECTRONIC TECHNOLOGY CO., LTD.",,non_canonical_customer_no_title_brand,NA,"SHENZHEN EMDOOR ELECTRONIC TECHNOLOGY CO., LTD.",2021-01-27 01:27:00,[Emdoor][Infinix][IC819] ??Wireless??? ?????PC????????????????
589001,"SHENZHEN EMDOOR ELECTRONIC TECHNOLOGY CO., LTD.",,non_canonical_customer_no_title_brand,NA,"SHENZHEN EMDOOR ELECTRONIC TECHNOLOGY CO., LTD.",2021-01-27 01:27:00,[Emdoor][Infinix][IC819] ??Wireless??? ?????PC????????????????
589001,"SHENZHEN EMDOOR ELECTRONIC TECHNOLOGY CO., LTD.",,non_canonical_customer_no_title_brand,NA,"SHENZHEN EMDOOR ELECTRONIC TECHNOLOGY CO., LTD.",2021-01-27 01:27:00,[Emdoor][Infinix][IC819] ??Wireless??? ?????PC????????????????
588318,"COMPAL ELECTRONICS, INC.",,non_canonical_customer_no_title_brand,NA,"COMPAL ELECTRONICS, INC.",2021-01-25 03:29:00,[UNIS] [Compal][UNIS_Slinky][Tiger Lake][AX201][20H2]Cannot Serch AP SSID when Acess Point security type set WEP/WPA/WPA2..
588318,"COMPAL ELECTRONICS, INC.",,non_canonical_customer_no_title_brand,NA,"COMPAL ELECTRONICS, INC.",2021-01-25 03:29:00,[UNIS] [Compal][UNIS_Slinky][Tiger Lake][AX201][20H2]Cannot Serch AP SSID when Acess Point security type set WEP/WPA/WPA2..
588318,"COMPAL ELECTRONICS, INC.",,non_canonical_customer_no_title_brand,NA,"COMPAL ELECTRONICS, INC.",2021-01-25 03:29:00,[UNIS] [Compal][UNIS_Slinky][Tiger Lake][AX201][20H2]Cannot Serch AP SSID when Acess Point security type set WEP/WPA/WPA2..
587919,GUANGDONG OPPO MOBILE TELECOMMUNICATIONSCORP. LTD.,,non_canonical_customer_no_title_brand,NA,GUANGDONG OPPO MOBILE TELECOMMUNICATIONSCORP. LTD.,2021-01-22 05:42:00,Intel BT Adapater issue in win10 19041
587919,GUANGDONG OPPO MOBILE TELECOMMUNICATIONSCORP. LTD.,,non_canonical_customer_no_title_brand,NA,GUANGDONG OPPO MOBILE TELECOMMUNICATIONSCORP. LTD.,2021-01-22 05:42:00,Intel BT Adapater issue in win10 19041
587919,GUANGDONG OPPO MOBILE TELECOMMUNICATIONSCORP. LTD.,,non_canonical_customer_no_title_brand,NA,GUANGDONG OPPO MOBILE TELECOMMUNICATIONSCORP. LTD.,2021-01-22 05:42:00,Intel BT Adapater issue in win10 19041
586291,"HUAQIN TECHNOLOGY CO., LTD",,non_canonical_customer_no_title_brand,NA,"Huaqin Technology Co., Ltd",2021-01-17 18:55:00,"[Huaqin][MI A18S][AMD-Luc]Bluetooth show Yellow Mark(Unknown USB Device, error code 43 ) when running Cold boot cycling."
586291,"HUAQIN TECHNOLOGY CO., LTD",,non_canonical_customer_no_title_brand,NA,"Huaqin Technology Co., Ltd",2021-01-17 18:55:00,"[Huaqin][MI A18S][AMD-Luc]Bluetooth show Yellow Mark(Unknown USB Device, error code 43 ) when running Cold boot cycling."
586291,"HUAQIN TECHNOLOGY CO., LTD",,non_canonical_customer_no_title_brand,NA,"Huaqin Technology Co., Ltd",2021-01-17 18:55:00,"[Huaqin][MI A18S][AMD-Luc]Bluetooth show Yellow Mark(Unknown USB Device, error code 43 ) when running Cold boot cycling."
585712,PEGATRON CORPORATION,,non_canonical_customer_no_title_brand,NA,Pegatron Corporation,2021-01-14 01:03:00,"[PEGA/EPSON][Tiger Lake UP3 20H1][""Microsoft Wi-Fi Direct Virtual Adapter"" will sporadic show yellow mark during S4 aging or wake from Modern Standby.]"
585712,PEGATRON CORPORATION,,non_canonical_customer_no_title_brand,NA,Pegatron Corporation,2021-01-14 01:03:00,"[PEGA/EPSON][Tiger Lake UP3 20H1][""Microsoft Wi-Fi Direct Virtual Adapter"" will sporadic show yellow mark during S4 aging or wake from Modern Standby.]"
585712,PEGATRON CORPORATION,,non_canonical_customer_no_title_brand,NA,Pegatron Corporation,2021-01-14 01:03:00,"[PEGA/EPSON][Tiger Lake UP3 20H1][""Microsoft Wi-Fi Direct Virtual Adapter"" will sporadic show yellow mark during S4 aging or wake from Modern Standby.]"
